time,x,y,Q,dist,pan,tilt
1770613919.1466637,-96.53023,0.069434,179.9976,73,25,60
1770613919.1467335,-96.53023,0.069434,179.9976,38,45,60
1770613919.146755,-96.53023,0.069434,179.9976,68,65,60
1770613919.1467702,-96.53023,0.069434,179.9976,74,85,60
1770613919.1467848,-96.53023,0.069434,179.9976,75,105,60
1770613919.1467993,-96.53023,0.069434,179.9976,76,125,60
1770613919.1468139,-96.53023,0.069434,179.9976,66,145,60
1770613919.146828,-96.53023,0.069434,179.9976,31,25,90
1770613919.1468418,-96.53023,0.069434,179.9976,18,45,90
1770613919.1468558,-96.53023,0.069434,179.9976,19,65,90
1770613919.14687,-96.53023,0.069434,179.9976,30,85,90
1770613919.1468837,-96.53023,0.069434,179.9976,24,105,90
1770613919.146898,-96.53023,0.069434,179.9976,16,125,90
1770613919.146912,-96.53023,0.069434,179.9976,16,145,90
1770613919.146926,-96.53023,0.069434,179.9976,18,25,120
1770613919.1469398,-96.53023,0.069434,179.9976,19,45,120
1770613919.1469538,-96.53023,0.069434,179.9976,16,65,120
1770613919.1469681,-96.53023,0.069434,179.9976,37,85,120
1770613919.1469893,-96.53023,0.069434,179.9976,29,105,120
1770613919.1470046,-96.53023,0.069434,179.9976,18,125,120
1770613919.147019,-96.53023,0.069434,179.9976,16,145,120
1770613929.5362663,-60.07189,7.546906,11.59261,23,25,60
1770613929.5362933,-60.07189,7.546906,11.59261,45,45,60
1770613929.5363095,-60.07189,7.546906,11.59261,51,65,60
1770613929.536324,-60.07189,7.546906,11.59261,24,85,60
1770613929.5363379,-60.07189,7.546906,11.59261,22,105,60
1770613929.536352,-60.07189,7.546906,11.59261,23,125,60
1770613929.5363657,-60.07189,7.546906,11.59261,58,145,60
1770613929.5363798,-60.07189,7.546906,11.59261,21,25,90
1770613929.5363936,-60.07189,7.546906,11.59261,39,45,90
1770613929.5364077,-60.07189,7.546906,11.59261,39,65,90
1770613929.5364215,-60.07189,7.546906,11.59261,21,85,90
1770613929.5364356,-60.07189,7.546906,11.59261,21,105,90
1770613929.5364492,-60.07189,7.546906,11.59261,22,125,90
1770613929.5364633,-60.07189,7.546906,11.59261,26,145,90
1770613929.536477,-60.07189,7.546906,11.59261,17,25,120
1770613929.536491,-60.07189,7.546906,11.59261,36,45,120
1770613929.5365045,-60.07189,7.546906,11.59261,16,65,120
1770613929.5365183,-60.07189,7.546906,11.59261,17,85,120
1770613929.5365324,-60.07189,7.546906,11.59261,16,105,120
1770613929.5365498,-60.07189,7.546906,11.59261,21,125,120
1770613929.536564,-60.07189,7.546906,11.59261,17,145,120
1770613934.4909632,-3.192376,19.21268,11.59261,21,25,60
1770613934.4909942,-3.192376,19.21268,11.59261,47,45,60
1770613934.4910102,-3.192376,19.21268,11.59261,41,65,60
1770613934.491026,-3.192376,19.21268,11.59261,22,85,60
1770613934.4910405,-3.192376,19.21268,11.59261,21,105,60
1770613934.4910548,-3.192376,19.21268,11.59261,22,125,60
1770613934.4910731,-3.192376,19.21268,11.59261,51,145,60
1770613934.4910874,-3.192376,19.21268,11.59261,20,25,90
1770613934.4911013,-3.192376,19.21268,11.59261,34,45,90
1770613934.4911158,-3.192376,19.21268,11.59261,24,65,90
1770613934.4911299,-3.192376,19.21268,11.59261,21,85,90
1770613934.4911437,-3.192376,19.21268,11.59261,19,105,90
1770613934.4911578,-3.192376,19.21268,11.59261,20,125,90
1770613934.4911716,-3.192376,19.21268,11.59261,32,145,90
1770613934.491186,-3.192376,19.21268,11.59261,21,25,120
1770613934.4911997,-3.192376,19.21268,11.59261,35,45,120
1770613934.4912138,-3.192376,19.21268,11.59261,16,65,120
1770613934.4912283,-3.192376,19.21268,11.59261,20,85,120
1770613934.491242,-3.192376,19.21268,11.59261,20,105,120
1770613934.4912562,-3.192376,19.21268,11.59261,16,125,120
1770613934.49127,-3.192376,19.21268,11.59261,16,145,120
1770613939.5117974,54.02437,30.94762,11.59261,19,25,60
1770613939.5118284,54.02437,30.94762,11.59261,46,45,60
1770613939.5118442,54.02437,30.94762,11.59261,41,65,60
1770613939.5118587,54.02437,30.94762,11.59261,23,85,60
1770613939.5118728,54.02437,30.94762,11.59261,20,105,60
1770613939.5118873,54.02437,30.94762,11.59261,20,125,60
1770613939.5119014,54.02437,30.94762,11.59261,200,145,60
1770613939.5119157,54.02437,30.94762,11.59261,17,25,90
1770613939.5119298,54.02437,30.94762,11.59261,37,45,90
1770613939.5119438,54.02437,30.94762,11.59261,21,65,90
1770613939.5119576,54.02437,30.94762,11.59261,17,85,90
1770613939.5119715,54.02437,30.94762,11.59261,18,105,90
1770613939.5119853,54.02437,30.94762,11.59261,17,125,90
1770613939.5119991,54.02437,30.94762,11.59261,22,145,90
1770613939.5120132,54.02437,30.94762,11.59261,18,25,120
1770613939.5120275,54.02437,30.94762,11.59261,37,45,120
1770613939.5120413,54.02437,30.94762,11.59261,22,65,120
1770613939.5120554,54.02437,30.94762,11.59261,21,85,120
1770613939.5120695,54.02437,30.94762,11.59261,19,105,120
1770613939.5120838,54.02437,30.94762,11.59261,20,125,120
1770613939.5120976,54.02437,30.94762,11.59261,16,145,120
1770613951.1587808,12.61352,22.48727,191.5829,121,25,60
1770613951.1588106,12.61352,22.48727,191.5829,9,45,60
1770613951.1588266,12.61352,22.48727,191.5829,16,65,60
1770613951.1588414,12.61352,22.48727,191.5829,153,85,60
1770613951.1588562,12.61352,22.48727,191.5829,125,105,60
1770613951.1588707,12.61352,22.48727,191.5829,21,125,60
1770613951.1588855,12.61352,22.48727,191.5829,19,145,60
1770613951.1589,12.61352,22.48727,191.5829,16,25,90
1770613951.1589134,12.61352,22.48727,191.5829,10,45,90
1770613951.1589274,12.61352,22.48727,191.5829,13,65,90
1770613951.158942,12.61352,22.48727,191.5829,13,85,90
1770613951.158956,12.61352,22.48727,191.5829,20,105,90
1770613951.1589699,12.61352,22.48727,191.5829,18,125,90
1770613951.158987,12.61352,22.48727,191.5829,18,145,90
1770613951.159001,12.61352,22.48727,191.5829,20,25,120
1770613951.159015,12.61352,22.48727,191.5829,16,45,120
1770613951.1590292,12.61352,22.48727,191.5829,19,65,120
1770613951.1590436,12.61352,22.48727,191.5829,22,85,120
1770613951.1590571,12.61352,22.48727,191.5829,20,105,120
1770613951.1590717,12.61352,22.48727,191.5829,18,125,120
1770613951.1590855,12.61352,22.48727,191.5829,19,145,120
1770613959.7534347,17.13801,23.39934,371.4673,93,25,60
1770613959.7534702,17.13801,23.39934,371.4673,52,45,60
1770613959.753486,17.13801,23.39934,371.4673,89,65,60
1770613959.7535002,17.13801,23.39934,371.4673,61,85,60
1770613959.7535143,17.13801,23.39934,371.4673,97,105,60
1770613959.753528,17.13801,23.39934,371.4673,98,125,60
1770613959.753542,17.13801,23.39934,371.4673,76,145,60
1770613959.7535558,17.13801,23.39934,371.4673,44,25,90
1770613959.7535694,17.13801,23.39934,371.4673,40,45,90
1770613959.7535834,17.13801,23.39934,371.4673,43,65,90
1770613959.7535973,17.13801,23.39934,371.4673,37,85,90
1770613959.7536118,17.13801,23.39934,371.4673,30,105,90
1770613959.7536259,17.13801,23.39934,371.4673,30,125,90
1770613959.7536397,17.13801,23.39934,371.4673,40,145,90
1770613959.7536538,17.13801,23.39934,371.4673,46,25,120
1770613959.7536674,17.13801,23.39934,371.4673,51,45,120
1770613959.753681,17.13801,23.39934,371.4673,46,65,120
1770613959.753695,17.13801,23.39934,371.4673,37,85,120
1770613959.7537086,17.13801,23.39934,371.4673,30,105,120
1770613959.7537258,17.13801,23.39934,371.4673,16,125,120
1770613959.7537398,17.13801,23.39934,371.4673,17,145,120
1770613985.9640563,-0.220577,20.08462,551.3856,36,25,60
1770613985.9640982,-0.220577,20.08462,551.3856,16,45,60
1770613985.9641142,-0.220577,20.08462,551.3856,19,65,60
1770613985.9641292,-0.220577,20.08462,551.3856,26,85,60
1770613985.9641438,-0.220577,20.08462,551.3856,30,105,60
1770613985.964159,-0.220577,20.08462,551.3856,18,125,60
1770613985.9641736,-0.220577,20.08462,551.3856,18,145,60
1770613985.964188,-0.220577,20.08462,551.3856,16,25,90
1770613985.9642022,-0.220577,20.08462,551.3856,17,45,90
1770613985.9642165,-0.220577,20.08462,551.3856,9,65,90
1770613985.964231,-0.220577,20.08462,551.3856,16,85,90
1770613985.9642444,-0.220577,20.08462,551.3856,24,105,90
1770613985.964259,-0.220577,20.08462,551.3856,17,125,90
1770613985.9642727,-0.220577,20.08462,551.3856,16,145,90
1770613985.9642868,-0.220577,20.08462,551.3856,10,25,120
1770613985.964301,-0.220577,20.08462,551.3856,16,45,120
1770613985.9643152,-0.220577,20.08462,551.3856,10,65,120
1770613985.9643292,-0.220577,20.08462,551.3856,10,85,120
1770613985.964343,-0.220577,20.08462,551.3856,9,105,120
1770613985.9643576,-0.220577,20.08462,551.3856,9,125,120
1770613985.9643717,-0.220577,20.08462,551.3856,16,145,120
1770613996.4298487,28.20068,25.55276,731.0283,75,25,60
1770613996.4298842,28.20068,25.55276,731.0283,46,45,60
1770613996.429903,28.20068,25.55276,731.0283,84,65,60
1770613996.4299183,28.20068,25.55276,731.0283,77,85,60
1770613996.4299328,28.20068,25.55276,731.0283,83,105,60
1770613996.429947,28.20068,25.55276,731.0283,68,125,60
1770613996.429961,28.20068,25.55276,731.0283,51,145,60
1770613996.4299748,28.20068,25.55276,731.0283,13,25,90
1770613996.429989,28.20068,25.55276,731.0283,16,45,90
1770613996.4300032,28.20068,25.55276,731.0283,11,65,90
1770613996.430017,28.20068,25.55276,731.0283,19,85,90
1770613996.430031,28.20068,25.55276,731.0283,14,105,90
1770613996.4300447,28.20068,25.55276,731.0283,26,125,90
1770613996.4300585,28.20068,25.55276,731.0283,18,145,90
1770613996.4300728,28.20068,25.55276,731.0283,17,25,120
1770613996.430087,28.20068,25.55276,731.0283,16,45,120
1770613996.4301004,28.20068,25.55276,731.0283,17,65,120
1770613996.430115,28.20068,25.55276,731.0283,18,85,120
1770613996.4301286,28.20068,25.55276,731.0283,21,105,120
1770613996.4301429,28.20068,25.55276,731.0283,20,125,120
1770613996.4301565,28.20068,25.55276,731.0283,20,145,120
1770614004.6415508,28.20068,25.55276,909.8007,52,25,60
1770614004.6415837,28.20068,25.55276,909.8007,40,45,60
1770614004.6415994,28.20068,25.55276,909.8007,54,65,60
1770614004.6416137,28.20068,25.55276,909.8007,58,85,60
1770614004.6416276,28.20068,25.55276,909.8007,95,105,60
1770614004.6416426,28.20068,25.55276,909.8007,107,125,60
1770614004.641657,28.20068,25.55276,909.8007,50,145,60
1770614004.6416712,28.20068,25.55276,909.8007,50,25,90
1770614004.6416855,28.20068,25.55276,909.8007,37,45,90
1770614004.6416998,28.20068,25.55276,909.8007,51,65,90
1770614004.6417136,28.20068,25.55276,909.8007,49,85,90
1770614004.6417277,28.20068,25.55276,909.8007,45,105,90
1770614004.6417418,28.20068,25.55276,909.8007,44,125,90
1770614004.6417556,28.20068,25.55276,909.8007,44,145,90
1770614004.6417706,28.20068,25.55276,909.8007,44,25,120
1770614004.6417844,28.20068,25.55276,909.8007,39,45,120
1770614004.6417983,28.20068,25.55276,909.8007,51,65,120
1770614004.6418123,28.20068,25.55276,909.8007,46,85,120
1770614004.6418262,28.20068,25.55276,909.8007,46,105,120
1770614004.6418402,28.20068,25.55276,909.8007,51,125,120
1770614004.641854,28.20068,25.55276,909.8007,48,145,120
1770614015.5708048,14.66492,80.82269,823.9164,200,25,60
1770614015.5708344,14.66492,80.82269,823.9164,200,45,60
1770614015.5708501,14.66492,80.82269,823.9164,164,65,60
1770614015.5708644,14.66492,80.82269,823.9164,200,85,60
1770614015.570879,14.66492,80.82269,823.9164,200,105,60
1770614015.5708923,14.66492,80.82269,823.9164,153,125,60
1770614015.5709138,14.66492,80.82269,823.9164,23,145,60
1770614015.5709283,14.66492,80.82269,823.9164,2,25,90
1770614015.5709426,14.66492,80.82269,823.9164,2,45,90
1770614015.5709565,14.66492,80.82269,823.9164,2,65,90
1770614015.5709703,14.66492,80.82269,823.9164,200,85,90
1770614015.5709841,14.66492,80.82269,823.9164,200,105,90
1770614015.5709982,14.66492,80.82269,823.9164,2,125,90
1770614015.571012,14.66492,80.82269,823.9164,58,145,90
1770614015.571026,14.66492,80.82269,823.9164,6,25,120
1770614015.5710397,14.66492,80.82269,823.9164,3,45,120
1770614015.5710537,14.66492,80.82269,823.9164,2,65,120
1770614015.5710678,14.66492,80.82269,823.9164,200,85,120
1770614015.5710819,14.66492,80.82269,823.9164,6,105,120
1770614015.5710964,14.66492,80.82269,823.9164,2,125,120
1770614015.5711098,14.66492,80.82269,823.9164,43,145,120
1770614021.9013484,-4.493773,159.0526,823.9164,200,25,60
1770614021.90138,-4.493773,159.0526,823.9164,129,45,60
1770614021.9013965,-4.493773,159.0526,823.9164,99,65,60
1770614021.9014122,-4.493773,159.0526,823.9164,200,85,60
1770614021.9014273,-4.493773,159.0526,823.9164,118,105,60
1770614021.9014497,-4.493773,159.0526,823.9164,200,125,60
1770614021.9014697,-4.493773,159.0526,823.9164,200,145,60
1770614021.901485,-4.493773,159.0526,823.9164,103,25,90
1770614021.9014995,-4.493773,159.0526,823.9164,5,45,90
1770614021.901514,-4.493773,159.0526,823.9164,84,65,90
1770614021.901528,-4.493773,159.0526,823.9164,200,85,90
1770614021.9015663,-4.493773,159.0526,823.9164,200,105,90
1770614021.9015877,-4.493773,159.0526,823.9164,2,125,90
1770614021.901602,-4.493773,159.0526,823.9164,58,145,90
1770614021.9016159,-4.493773,159.0526,823.9164,4,25,120
1770614021.9016294,-4.493773,159.0526,823.9164,3,45,120
1770614021.9016435,-4.493773,159.0526,823.9164,2,65,120
1770614021.9016578,-4.493773,159.0526,823.9164,3,85,120
1770614021.9016716,-4.493773,159.0526,823.9164,200,105,120
1770614021.9016862,-4.493773,159.0526,823.9164,200,125,120
1770614021.9017,-4.493773,159.0526,823.9164,2,145,120
1770614030.675331,-2.109703,149.0303,1003.57,53,25,60
1770614030.6753597,-2.109703,149.0303,1003.57,37,45,60
1770614030.6753764,-2.109703,149.0303,1003.57,46,65,60
1770614030.675391,-2.109703,149.0303,1003.57,62,85,60
1770614030.675405,-2.109703,149.0303,1003.57,23,105,60
1770614030.6754193,-2.109703,149.0303,1003.57,22,125,60
1770614030.6754332,-2.109703,149.0303,1003.57,17,145,60
1770614030.675447,-2.109703,149.0303,1003.57,24,25,90
1770614030.6754606,-2.109703,149.0303,1003.57,35,45,90
1770614030.675475,-2.109703,149.0303,1003.57,41,65,90
1770614030.6754913,-2.109703,149.0303,1003.57,23,85,90
1770614030.6755078,-2.109703,149.0303,1003.57,21,105,90
1770614030.6755219,-2.109703,149.0303,1003.57,16,125,90
1770614030.6755364,-2.109703,149.0303,1003.57,23,145,90
1770614030.6755505,-2.109703,149.0303,1003.57,25,25,120
1770614030.6755645,-2.109703,149.0303,1003.57,45,45,120
1770614030.6755784,-2.109703,149.0303,1003.57,44,65,120
1770614030.6755896,-2.109703,149.0303,1003.57,23,85,120
1770614030.675609,-2.109703,149.0303,1003.57,22,105,120
1770614030.6756265,-2.109703,149.0303,1003.57,16,125,120
1770614030.675641,-2.109703,149.0303,1003.57,12,145,120
1770614035.7348921,10.86401,94.49035,1003.57,58,25,60
1770614035.7349207,10.86401,94.49035,1003.57,37,45,60
1770614035.734936,10.86401,94.49035,1003.57,51,65,60
1770614035.7349524,10.86401,94.49035,1003.57,59,85,60
1770614035.734971,10.86401,94.49035,1003.57,22,105,60
1770614035.7349842,10.86401,94.49035,1003.57,20,125,60
1770614035.7349946,10.86401,94.49035,1003.57,19,145,60
1770614035.735012,10.86401,94.49035,1003.57,53,25,90
1770614035.7350278,10.86401,94.49035,1003.57,35,45,90
1770614035.735042,10.86401,94.49035,1003.57,37,65,90
1770614035.7350557,10.86401,94.49035,1003.57,20,85,90
1770614035.7350695,10.86401,94.49035,1003.57,19,105,90
1770614035.735083,10.86401,94.49035,1003.57,19,125,90
1770614035.7350962,10.86401,94.49035,1003.57,21,145,90
1770614035.7351098,10.86401,94.49035,1003.57,30,25,120
1770614035.7351236,10.86401,94.49035,1003.57,39,45,120
1770614035.7351372,10.86401,94.49035,1003.57,51,65,120
1770614035.735151,10.86401,94.49035,1003.57,24,85,120
1770614035.7351649,10.86401,94.49035,1003.57,19,105,120
1770614035.7351782,10.86401,94.49035,1003.57,17,125,120
1770614035.7351918,10.86401,94.49035,1003.57,16,145,120
1770614043.930371,10.86401,94.49035,1180.844,61,25,60
1770614043.9304073,10.86401,94.49035,1180.844,108,45,60
1770614043.9304223,10.86401,94.49035,1180.844,90,65,60
1770614043.9304352,10.86401,94.49035,1180.844,58,85,60
1770614043.9304469,10.86401,94.49035,1180.844,51,105,60
1770614043.930462,10.86401,94.49035,1180.844,81,125,60
1770614043.9304786,10.86401,94.49035,1180.844,37,145,60
1770614043.9304924,10.86401,94.49035,1180.844,43,25,90
1770614043.9305065,10.86401,94.49035,1180.844,37,45,90
1770614043.9305205,10.86401,94.49035,1180.844,39,65,90
1770614043.9305344,10.86401,94.49035,1180.844,45,85,90
1770614043.9305484,10.86401,94.49035,1180.844,48,105,90
1770614043.9305623,10.86401,94.49035,1180.844,38,125,90
1770614043.9305758,10.86401,94.49035,1180.844,34,145,90
1770614043.9305894,10.86401,94.49035,1180.844,45,25,120
1770614043.9306033,10.86401,94.49035,1180.844,40,45,120
1770614043.9306169,10.86401,94.49035,1180.844,46,65,120
1770614043.9306343,10.86401,94.49035,1180.844,47,85,120
1770614043.9306464,10.86401,94.49035,1180.844,38,105,120
1770614043.9306576,10.86401,94.49035,1180.844,37,125,120
1770614043.9306695,10.86401,94.49035,1180.844,38,145,120
1770614054.282983,10.86401,94.49035,1180.844,62,25,60
1770614054.283013,10.86401,94.49035,1180.844,89,45,60
1770614054.283029,10.86401,94.49035,1180.844,101,65,60
1770614054.283044,10.86401,94.49035,1180.844,58,85,60
1770614054.2830584,10.86401,94.49035,1180.844,51,105,60
1770614054.2830727,10.86401,94.49035,1180.844,62,125,60
1770614054.2830865,10.86401,94.49035,1180.844,37,145,60
1770614054.2831032,10.86401,94.49035,1180.844,51,25,90
1770614054.2831175,10.86401,94.49035,1180.844,37,45,90
1770614054.2831318,10.86401,94.49035,1180.844,38,65,90
1770614054.2831457,10.86401,94.49035,1180.844,51,85,90
1770614054.2831593,10.86401,94.49035,1180.844,53,105,90
1770614054.283173,10.86401,94.49035,1180.844,38,125,90
1770614054.2831867,10.86401,94.49035,1180.844,34,145,90
1770614054.2832005,10.86401,94.49035,1180.844,42,25,120
1770614054.2832143,10.86401,94.49035,1180.844,39,45,120
1770614054.2832282,10.86401,94.49035,1180.844,61,65,120
1770614054.2832425,10.86401,94.49035,1180.844,45,85,120
1770614054.283256,10.86401,94.49035,1180.844,38,105,120
1770614054.2832696,10.86401,94.49035,1180.844,38,125,120
1770614054.2832837,10.86401,94.49035,1180.844,37,145,120
1770614058.9521098,10.86401,94.49035,1180.844,101,25,60
1770614058.9521616,10.86401,94.49035,1180.844,89,45,60
1770614058.9521778,10.86401,94.49035,1180.844,100,65,60
1770614058.952192,10.86401,94.49035,1180.844,58,85,60
1770614058.9522064,10.86401,94.49035,1180.844,51,105,60
1770614058.9522212,10.86401,94.49035,1180.844,121,125,60
1770614058.9522352,10.86401,94.49035,1180.844,38,145,60
1770614058.952249,10.86401,94.49035,1180.844,52,25,90
1770614058.9522629,10.86401,94.49035,1180.844,39,45,90
1770614058.952277,10.86401,94.49035,1180.844,38,65,90
1770614058.9522908,10.86401,94.49035,1180.844,44,85,90
1770614058.9523044,10.86401,94.49035,1180.844,48,105,90
1770614058.9523184,10.86401,94.49035,1180.844,39,125,90
1770614058.9523325,10.86401,94.49035,1180.844,34,145,90
1770614058.9523463,10.86401,94.49035,1180.844,40,25,120
1770614058.9523604,10.86401,94.49035,1180.844,39,45,120
1770614058.9523742,10.86401,94.49035,1180.844,51,65,120
1770614058.9523914,10.86401,94.49035,1180.844,46,85,120
1770614058.9524057,10.86401,94.49035,1180.844,38,105,120
1770614058.95242,10.86401,94.49035,1180.844,38,125,120
1770614058.9524336,10.86401,94.49035,1180.844,38,145,120
1770614063.3338654,10.86401,94.49035,1180.844,58,25,60
1770614063.3338985,10.86401,94.49035,1180.844,91,45,60
1770614063.333912,10.86401,94.49035,1180.844,101,65,60
1770614063.3339238,10.86401,94.49035,1180.844,58,85,60
1770614063.333935,10.86401,94.49035,1180.844,51,105,60
1770614063.3339465,10.86401,94.49035,1180.844,110,125,60
1770614063.3339581,10.86401,94.49035,1180.844,38,145,60
1770614063.3339694,10.86401,94.49035,1180.844,44,25,90
1770614063.333979,10.86401,94.49035,1180.844,39,45,90
1770614063.3339882,10.86401,94.49035,1180.844,38,65,90
1770614063.334034,10.86401,94.49035,1180.844,47,85,90
1770614063.3340492,10.86401,94.49035,1180.844,41,105,90
1770614063.334061,10.86401,94.49035,1180.844,39,125,90
1770614063.334079,10.86401,94.49035,1180.844,34,145,90
1770614063.3340938,10.86401,94.49035,1180.844,42,25,120
1770614063.3341079,10.86401,94.49035,1180.844,37,45,120
1770614063.3341222,10.86401,94.49035,1180.844,60,65,120
1770614063.3341362,10.86401,94.49035,1180.844,46,85,120
1770614063.3341506,10.86401,94.49035,1180.844,38,105,120
1770614063.334165,10.86401,94.49035,1180.844,38,125,120
1770614063.3341784,10.86401,94.49035,1180.844,37,145,120
1770614068.3161964,10.86401,94.49035,1180.844,58,25,60
1770614068.316228,10.86401,94.49035,1180.844,90,45,60
1770614068.3162444,10.86401,94.49035,1180.844,101,65,60
1770614068.31626,10.86401,94.49035,1180.844,58,85,60
1770614068.3162906,10.86401,94.49035,1180.844,51,105,60
1770614068.3163261,10.86401,94.49035,1180.844,104,125,60
1770614068.3163424,10.86401,94.49035,1180.844,38,145,60
1770614068.3163571,10.86401,94.49035,1180.844,44,25,90
1770614068.316371,10.86401,94.49035,1180.844,40,45,90
1770614068.3163855,10.86401,94.49035,1180.844,39,65,90
1770614068.3163996,10.86401,94.49035,1180.844,44,85,90
1770614068.3164134,10.86401,94.49035,1180.844,41,105,90
1770614068.3164275,10.86401,94.49035,1180.844,39,125,90
1770614068.316441,10.86401,94.49035,1180.844,34,145,90
1770614068.3164554,10.86401,94.49035,1180.844,45,25,120
1770614068.31647,10.86401,94.49035,1180.844,37,45,120
1770614068.3164835,10.86401,94.49035,1180.844,50,65,120
1770614068.3164978,10.86401,94.49035,1180.844,46,85,120
1770614068.316512,10.86401,94.49035,1180.844,38,105,120
1770614068.316526,10.86401,94.49035,1180.844,38,125,120
1770614068.31654,10.86401,94.49035,1180.844,37,145,120
1770614078.2808325,52.32156,87.77118,1070.996,84,25,60
1770614078.280862,52.32156,87.77118,1070.996,2,45,60
1770614078.2808778,52.32156,87.77118,1070.996,2,65,60
1770614078.2808926,52.32156,87.77118,1070.996,6,85,60
1770614078.2809062,52.32156,87.77118,1070.996,58,105,60
1770614078.2809207,52.32156,87.77118,1070.996,45,125,60
1770614078.280935,52.32156,87.77118,1070.996,44,145,60
1770614078.2809486,52.32156,87.77118,1070.996,2,25,90
1770614078.2809627,52.32156,87.77118,1070.996,2,45,90
1770614078.2809765,52.32156,87.77118,1070.996,2,65,90
1770614078.2809904,52.32156,87.77118,1070.996,2,85,90
1770614078.2810042,52.32156,87.77118,1070.996,27,105,90
1770614078.2810187,52.32156,87.77118,1070.996,20,125,90
1770614078.2810326,52.32156,87.77118,1070.996,18,145,90
1770614078.2810466,52.32156,87.77118,1070.996,4,25,120
1770614078.28106,52.32156,87.77118,1070.996,2,45,120
1770614078.2810733,52.32156,87.77118,1070.996,3,65,120
1770614078.2810874,52.32156,87.77118,1070.996,4,85,120
1770614078.281101,52.32156,87.77118,1070.996,40,105,120
1770614078.281115,52.32156,87.77118,1070.996,21,125,120
1770614078.281129,52.32156,87.77118,1070.996,20,145,120
1770614085.1519291,133.8648,74.5553,1070.996,82,25,60
1770614085.1519566,133.8648,74.5553,1070.996,5,45,60
1770614085.1519716,133.8648,74.5553,1070.996,4,65,60
1770614085.1519852,133.8648,74.5553,1070.996,83,85,60
1770614085.151997,133.8648,74.5553,1070.996,46,105,60
1770614085.1520092,133.8648,74.5553,1070.996,43,125,60
1770614085.152027,133.8648,74.5553,1070.996,43,145,60
1770614085.152043,133.8648,74.5553,1070.996,2,25,90
1770614085.1520572,133.8648,74.5553,1070.996,2,45,90
1770614085.1520715,133.8648,74.5553,1070.996,2,65,90
1770614085.152089,133.8648,74.5553,1070.996,2,85,90
1770614085.1521037,133.8648,74.5553,1070.996,42,105,90
1770614085.152118,133.8648,74.5553,1070.996,23,125,90
1770614085.152132,133.8648,74.5553,1070.996,17,145,90
1770614085.1521459,133.8648,74.5553,1070.996,7,25,120
1770614085.1521597,133.8648,74.5553,1070.996,2,45,120
1770614085.1521735,133.8648,74.5553,1070.996,3,65,120
1770614085.1521878,133.8648,74.5553,1070.996,4,85,120
1770614085.152202,133.8648,74.5553,1070.996,44,105,120
1770614085.1522157,133.8648,74.5553,1070.996,22,125,120
1770614085.1522298,133.8648,74.5553,1070.996,21,145,120
1770614093.8819702,125.5625,76.00391,1250.338,39,25,60
1770614093.882,125.5625,76.00391,1250.338,40,45,60
1770614093.8820155,125.5625,76.00391,1250.338,39,65,60
1770614093.88203,125.5625,76.00391,1250.338,39,85,60
1770614093.8820436,125.5625,76.00391,1250.338,60,105,60
1770614093.8820577,125.5625,76.00391,1250.338,200,125,60
1770614093.8820715,125.5625,76.00391,1250.338,16,145,60
1770614093.8820856,125.5625,76.00391,1250.338,24,25,90
1770614093.8820992,125.5625,76.00391,1250.338,37,45,90
1770614093.8821132,125.5625,76.00391,1250.338,21,65,90
1770614093.882127,125.5625,76.00391,1250.338,28,85,90
1770614093.8821409,125.5625,76.00391,1250.338,16,105,90
1770614093.882155,125.5625,76.00391,1250.338,58,125,90
1770614093.8821685,125.5625,76.00391,1250.338,6,145,90
1770614093.8821826,125.5625,76.00391,1250.338,24,25,120
1770614093.8821962,125.5625,76.00391,1250.338,45,45,120
1770614093.8822098,125.5625,76.00391,1250.338,21,65,120
1770614093.8822374,125.5625,76.00391,1250.338,22,85,120
1770614093.8822515,125.5625,76.00391,1250.338,23,105,120
1770614093.8822653,125.5625,76.00391,1250.338,19,125,120
1770614093.8822792,125.5625,76.00391,1250.338,6,145,120
1770614099.0788782,64.05497,86.73589,1250.338,37,25,60
1770614099.0789108,64.05497,86.73589,1250.338,38,45,60
1770614099.0789287,64.05497,86.73589,1250.338,37,65,60
1770614099.0789444,64.05497,86.73589,1250.338,37,85,60
1770614099.0789597,64.05497,86.73589,1250.338,76,105,60
1770614099.0789747,64.05497,86.73589,1250.338,16,125,60
1770614099.0789888,64.05497,86.73589,1250.338,16,145,60
1770614099.0790029,64.05497,86.73589,1250.338,24,25,90
1770614099.079017,64.05497,86.73589,1250.338,19,45,90
1770614099.0790312,64.05497,86.73589,1250.338,20,65,90
1770614099.079045,64.05497,86.73589,1250.338,37,85,90
1770614099.0790586,64.05497,86.73589,1250.338,17,105,90
1770614099.0790725,64.05497,86.73589,1250.338,18,125,90
1770614099.0790865,64.05497,86.73589,1250.338,6,145,90
1770614099.0791004,64.05497,86.73589,1250.338,21,25,120
1770614099.0791144,64.05497,86.73589,1250.338,20,45,120
1770614099.0791285,64.05497,86.73589,1250.338,18,65,120
1770614099.0791426,64.05497,86.73589,1250.338,22,85,120
1770614099.0791564,64.05497,86.73589,1250.338,23,105,120
1770614099.0791707,64.05497,86.73589,1250.338,28,125,120
1770614099.0791843,64.05497,86.73589,1250.338,6,145,120
1770614121.8741667,88.89713,82.51147,1609.086,27,25,60
1770614121.8741992,88.89713,82.51147,1609.086,31,45,60
1770614121.8742154,88.89713,82.51147,1609.086,23,65,60
1770614121.8742304,88.89713,82.51147,1609.086,30,85,60
1770614121.874245,88.89713,82.51147,1609.086,73,105,60
1770614121.8742597,88.89713,82.51147,1609.086,72,125,60
1770614121.8742747,88.89713,82.51147,1609.086,73,145,60
1770614121.874289,88.89713,82.51147,1609.086,21,25,90
1770614121.8743036,88.89713,82.51147,1609.086,27,45,90
1770614121.874318,88.89713,82.51147,1609.086,20,65,90
1770614121.874332,88.89713,82.51147,1609.086,19,85,90
1770614121.8743455,88.89713,82.51147,1609.086,10,105,90
1770614121.8743594,88.89713,82.51147,1609.086,71,125,90
1770614121.8743734,88.89713,82.51147,1609.086,71,145,90
1770614121.8743873,88.89713,82.51147,1609.086,16,25,120
1770614121.8744013,88.89713,82.51147,1609.086,22,45,120
1770614121.8744156,88.89713,82.51147,1609.086,19,65,120
1770614121.8744295,88.89713,82.51147,1609.086,16,85,120
1770614121.8744435,88.89713,82.51147,1609.086,9,105,120
1770614121.8744576,88.89713,82.51147,1609.086,9,125,120
1770614121.8744714,88.89713,82.51147,1609.086,17,145,120
1770614130.9051883,107.2432,78.49449,1787.987,38,25,60
1770614130.9052184,107.2432,78.49449,1787.987,39,45,60
1770614130.9052343,107.2432,78.49449,1787.987,37,65,60
1770614130.905249,107.2432,78.49449,1787.987,39,85,60
1770614130.9052632,107.2432,78.49449,1787.987,56,105,60
1770614130.9052777,107.2432,78.49449,1787.987,59,125,60
1770614130.9052913,107.2432,78.49449,1787.987,25,145,60
1770614130.9053054,107.2432,78.49449,1787.987,24,25,90
1770614130.9053192,107.2432,78.49449,1787.987,38,45,90
1770614130.9053338,107.2432,78.49449,1787.987,30,65,90
1770614130.9053476,107.2432,78.49449,1787.987,37,85,90
1770614130.9053617,107.2432,78.49449,1787.987,33,105,90
1770614130.9053757,107.2432,78.49449,1787.987,23,125,90
1770614130.9053893,107.2432,78.49449,1787.987,23,145,90
1770614130.9054034,107.2432,78.49449,1787.987,25,25,120
1770614130.9054198,107.2432,78.49449,1787.987,38,45,120
1770614130.9054308,107.2432,78.49449,1787.987,30,65,120
1770614130.9054415,107.2432,78.49449,1787.987,26,85,120
1770614130.905452,107.2432,78.49449,1787.987,30,105,120
1770614130.9054625,107.2432,78.49449,1787.987,17,125,120
1770614130.9054732,107.2432,78.49449,1787.987,22,145,120
1770614141.6263766,74.95947,85.91006,1967.435,11,25,60
1770614141.6264033,74.95947,85.91006,1967.435,81,45,60
1770614141.6264174,74.95947,85.91006,1967.435,65,65,60
1770614141.6264353,74.95947,85.91006,1967.435,43,85,60
1770614141.6264513,74.95947,85.91006,1967.435,48,105,60
1770614141.626466,74.95947,85.91006,1967.435,51,125,60
1770614141.6264808,74.95947,85.91006,1967.435,58,145,60
1770614141.626495,74.95947,85.91006,1967.435,12,25,90
1770614141.6265097,74.95947,85.91006,1967.435,16,45,90
1770614141.6265237,74.95947,85.91006,1967.435,10,65,90
1770614141.6265376,74.95947,85.91006,1967.435,11,85,90
1770614141.6265516,74.95947,85.91006,1967.435,58,105,90
1770614141.6265652,74.95947,85.91006,1967.435,25,125,90
1770614141.6265793,74.95947,85.91006,1967.435,16,145,90
1770614141.626593,74.95947,85.91006,1967.435,9,25,120
1770614141.6266098,74.95947,85.91006,1967.435,200,45,120
1770614141.626621,74.95947,85.91006,1967.435,200,65,120
1770614141.626632,74.95947,85.91006,1967.435,5,85,120
1770614141.6266427,74.95947,85.91006,1967.435,24,105,120
1770614141.6266527,74.95947,85.91006,1967.435,21,125,120
1770614141.626664,74.95947,85.91006,1967.435,17,145,120
1770614151.3283937,97.64349,80.44727,2146.865,30,25,60
1770614151.3284214,97.64349,80.44727,2146.865,36,45,60
1770614151.328436,97.64349,80.44727,2146.865,30,65,60
1770614151.3284485,97.64349,80.44727,2146.865,30,85,60
1770614151.328462,97.64349,80.44727,2146.865,76,105,60
1770614151.3284774,97.64349,80.44727,2146.865,74,125,60
1770614151.3284905,97.64349,80.44727,2146.865,73,145,60
1770614151.328503,97.64349,80.44727,2146.865,28,25,90
1770614151.3285153,97.64349,80.44727,2146.865,30,45,90
1770614151.3285491,97.64349,80.44727,2146.865,27,65,90
1770614151.3285644,97.64349,80.44727,2146.865,26,85,90
1770614151.3285766,97.64349,80.44727,2146.865,14,105,90
1770614151.3285892,97.64349,80.44727,2146.865,14,125,90
1770614151.3286011,97.64349,80.44727,2146.865,74,145,90
1770614151.328613,97.64349,80.44727,2146.865,24,25,120
1770614151.3286238,97.64349,80.44727,2146.865,30,45,120
1770614151.328636,97.64349,80.44727,2146.865,24,65,120
1770614151.3286476,97.64349,80.44727,2146.865,16,85,120
1770614151.32866,97.64349,80.44727,2146.865,13,105,120
1770614151.3286717,97.64349,80.44727,2146.865,13,125,120
1770614151.328684,97.64349,80.44727,2146.865,17,145,120
1770614159.198274,97.64349,80.44727,2321.409,45,25,60
1770614159.1983035,97.64349,80.44727,2321.409,46,45,60
1770614159.1983197,97.64349,80.44727,2321.409,46,65,60
1770614159.1983342,97.64349,80.44727,2321.409,47,85,60
1770614159.1983485,97.64349,80.44727,2321.409,52,105,60
1770614159.1983624,97.64349,80.44727,2321.409,51,125,60
1770614159.1983767,97.64349,80.44727,2321.409,37,145,60
1770614159.198391,97.64349,80.44727,2321.409,41,25,90
1770614159.1984048,97.64349,80.44727,2321.409,45,45,90
1770614159.1984189,97.64349,80.44727,2321.409,46,65,90
1770614159.198433,97.64349,80.44727,2321.409,41,85,90
1770614159.1984468,97.64349,80.44727,2321.409,37,105,90
1770614159.1984608,97.64349,80.44727,2321.409,37,125,90
1770614159.1984746,97.64349,80.44727,2321.409,35,145,90
1770614159.1984885,97.64349,80.44727,2321.409,45,25,120
1770614159.1985023,97.64349,80.44727,2321.409,46,45,120
1770614159.1985161,97.64349,80.44727,2321.409,45,65,120
1770614159.1985302,97.64349,80.44727,2321.409,40,85,120
1770614159.1985438,97.64349,80.44727,2321.409,37,105,120
1770614159.198558,97.64349,80.44727,2321.409,37,125,120
1770614159.198572,97.64349,80.44727,2321.409,32,145,120
1770614168.5743535,94.65978,41.27801,2426.102,44,25,60
1770614168.574382,94.65978,41.27801,2426.102,46,45,60
1770614168.5743973,94.65978,41.27801,2426.102,39,65,60
1770614168.5744119,94.65978,41.27801,2426.102,16,85,60
1770614168.5744262,94.65978,41.27801,2426.102,17,105,60
1770614168.5744402,94.65978,41.27801,2426.102,5,125,60
1770614168.574459,94.65978,41.27801,2426.102,5,145,60
1770614168.5744727,94.65978,41.27801,2426.102,12,25,90
1770614168.5744886,94.65978,41.27801,2426.102,32,45,90
1770614168.574506,94.65978,41.27801,2426.102,16,65,90
1770614168.5745199,94.65978,41.27801,2426.102,14,85,90
1770614168.5745335,94.65978,41.27801,2426.102,13,105,90
1770614168.5745478,94.65978,41.27801,2426.102,2,125,90
1770614168.5745614,94.65978,41.27801,2426.102,2,145,90
1770614168.5745752,94.65978,41.27801,2426.102,11,25,120
1770614168.574589,94.65978,41.27801,2426.102,41,45,120
1770614168.5746021,94.65978,41.27801,2426.102,20,65,120
1770614168.5746164,94.65978,41.27801,2426.102,10,85,120
1770614168.5746298,94.65978,41.27801,2426.102,10,105,120
1770614168.5746439,94.65978,41.27801,2426.102,4,125,120
1770614168.5746577,94.65978,41.27801,2426.102,3,145,120
1770614173.5034993,90.27665,-16.26179,2426.102,55,25,60
1770614173.5035295,90.27665,-16.26179,2426.102,58,45,60
1770614173.5035627,90.27665,-16.26179,2426.102,53,65,60
1770614173.5035765,90.27665,-16.26179,2426.102,52,85,60
1770614173.5035887,90.27665,-16.26179,2426.102,79,105,60
1770614173.503602,90.27665,-16.26179,2426.102,73,125,60
1770614173.5036128,90.27665,-16.26179,2426.102,4,145,60
1770614173.5036242,90.27665,-16.26179,2426.102,14,25,90
1770614173.5036354,90.27665,-16.26179,2426.102,58,45,90
1770614173.5036466,90.27665,-16.26179,2426.102,56,65,90
1770614173.5036614,90.27665,-16.26179,2426.102,21,85,90
1770614173.5036721,90.27665,-16.26179,2426.102,11,105,90
1770614173.5036843,90.27665,-16.26179,2426.102,4,125,90
1770614173.503696,90.27665,-16.26179,2426.102,2,145,90
1770614173.5037067,90.27665,-16.26179,2426.102,9,25,120
1770614173.5037181,90.27665,-16.26179,2426.102,55,45,120
1770614173.5037293,90.27665,-16.26179,2426.102,17,65,120
1770614173.5037422,90.27665,-16.26179,2426.102,9,85,120
1770614173.5037544,90.27665,-16.26179,2426.102,9,105,120
1770614173.5037668,90.27665,-16.26179,2426.102,4,125,120
1770614173.5037777,90.27665,-16.26179,2426.102,3,145,120
1770614182.2066627,91.14601,-7.084626,2605.08,5,25,60
1770614182.2066982,91.14601,-7.084626,2605.08,78,45,60
1770614182.206717,91.14601,-7.084626,2605.08,76,65,60
1770614182.2067335,91.14601,-7.084626,2605.08,157,85,60
1770614182.2067487,91.14601,-7.084626,2605.08,58,105,60
1770614182.2067635,91.14601,-7.084626,2605.08,51,125,60
1770614182.2067788,91.14601,-7.084626,2605.08,51,145,60
1770614182.206794,91.14601,-7.084626,2605.08,85,25,90
1770614182.2068086,91.14601,-7.084626,2605.08,42,45,90
1770614182.2068236,91.14601,-7.084626,2605.08,200,65,90
1770614182.2068384,91.14601,-7.084626,2605.08,200,85,90
1770614182.206853,91.14601,-7.084626,2605.08,66,105,90
1770614182.206868,91.14601,-7.084626,2605.08,16,125,90
1770614182.206882,91.14601,-7.084626,2605.08,44,145,90
1770614182.2068963,91.14601,-7.084626,2605.08,5,25,120
1770614182.2069113,91.14601,-7.084626,2605.08,200,45,120
1770614182.2069259,91.14601,-7.084626,2605.08,200,65,120
1770614182.2069411,91.14601,-7.084626,2605.08,16,85,120
1770614182.2069557,91.14601,-7.084626,2605.08,6,105,120
1770614182.2069702,91.14601,-7.084626,2605.08,6,125,120
1770614182.2069848,91.14601,-7.084626,2605.08,16,145,120
1770614187.1500726,97.0752,55.50542,2605.08,149,25,60
1770614187.1501033,97.0752,55.50542,2605.08,109,45,60
1770614187.1501203,97.0752,55.50542,2605.08,5,65,60
1770614187.1501362,97.0752,55.50542,2605.08,150,85,60
1770614187.150151,97.0752,55.50542,2605.08,58,105,60
1770614187.150166,97.0752,55.50542,2605.08,45,125,60
1770614187.1501799,97.0752,55.50542,2605.08,45,145,60
1770614187.1501946,97.0752,55.50542,2605.08,6,25,90
1770614187.1502087,97.0752,55.50542,2605.08,200,45,90
1770614187.150223,97.0752,55.50542,2605.08,200,65,90
1770614187.1502373,97.0752,55.50542,2605.08,7,85,90
1770614187.1502519,97.0752,55.50542,2605.08,65,105,90
1770614187.1502666,97.0752,55.50542,2605.08,65,125,90
1770614187.1502812,97.0752,55.50542,2605.08,20,145,90
1770614187.1502955,97.0752,55.50542,2605.08,3,25,120
1770614187.1503096,97.0752,55.50542,2605.08,200,45,120
1770614187.1503246,97.0752,55.50542,2605.08,16,65,120
1770614187.1503406,97.0752,55.50542,2605.08,17,85,120
1770614187.1503515,97.0752,55.50542,2605.08,6,105,120
1770614187.1503634,97.0752,55.50542,2605.08,6,125,120
1770614187.1503744,97.0752,55.50542,2605.08,18,145,120
1770614199.1152203,90.7085,1.154046,2783.844,21,25,60
1770614199.1152527,90.7085,1.154046,2783.844,20,45,60
1770614199.115269,90.7085,1.154046,2783.844,20,65,60
1770614199.1152837,90.7085,1.154046,2783.844,98,85,60
1770614199.1152987,90.7085,1.154046,2783.844,60,105,60
1770614199.115314,90.7085,1.154046,2783.844,59,125,60
1770614199.1153283,90.7085,1.154046,2783.844,59,145,60
1770614199.1153424,90.7085,1.154046,2783.844,200,25,90
1770614199.1153567,90.7085,1.154046,2783.844,17,45,90
1770614199.115371,90.7085,1.154046,2783.844,17,65,90
1770614199.1153855,90.7085,1.154046,2783.844,200,85,90
1770614199.1153998,90.7085,1.154046,2783.844,200,105,90
1770614199.115414,90.7085,1.154046,2783.844,200,125,90
1770614199.1154277,90.7085,1.154046,2783.844,63,145,90
1770614199.1154413,90.7085,1.154046,2783.844,200,25,120
1770614199.1154754,90.7085,1.154046,2783.844,18,45,120
1770614199.1154902,90.7085,1.154046,2783.844,20,65,120
1770614199.1155052,90.7085,1.154046,2783.844,200,85,120
1770614199.11552,90.7085,1.154046,2783.844,200,105,120
1770614199.115534,90.7085,1.154046,2783.844,2,125,120
1770614199.1155484,90.7085,1.154046,2783.844,200,145,120
1770614208.3838894,93.39144,20.69497,2962.741,59,25,60
1770614208.3839238,93.39144,20.69497,2962.741,51,45,60
1770614208.38394,93.39144,20.69497,2962.741,55,65,60
1770614208.3839552,93.39144,20.69497,2962.741,59,85,60
1770614208.3839734,93.39144,20.69497,2962.741,37,105,60
1770614208.383989,93.39144,20.69497,2962.741,27,125,60
1770614208.3840036,93.39144,20.69497,2962.741,144,145,60
1770614208.3840187,93.39144,20.69497,2962.741,41,25,90
1770614208.3840332,93.39144,20.69497,2962.741,38,45,90
1770614208.3840482,93.39144,20.69497,2962.741,42,65,90
1770614208.3840623,93.39144,20.69497,2962.741,26,85,90
1770614208.3840764,93.39144,20.69497,2962.741,23,105,90
1770614208.3840907,93.39144,20.69497,2962.741,23,125,90
1770614208.384105,93.39144,20.69497,2962.741,24,145,90
1770614208.3841186,93.39144,20.69497,2962.741,22,25,120
1770614208.384133,93.39144,20.69497,2962.741,39,45,120
1770614208.3841467,93.39144,20.69497,2962.741,37,65,120
1770614208.3841608,93.39144,20.69497,2962.741,22,85,120
1770614208.3841748,93.39144,20.69497,2962.741,23,105,120
1770614208.384189,93.39144,20.69497,2962.741,23,125,120
1770614208.3842025,93.39144,20.69497,2962.741,23,145,120
1770614213.6538005,101.8149,82.04616,2962.741,57,25,60
1770614213.6538289,101.8149,82.04616,2962.741,51,45,60
1770614213.653844,101.8149,82.04616,2962.741,51,65,60
1770614213.6538577,101.8149,82.04616,2962.741,58,85,60
1770614213.6538706,101.8149,82.04616,2962.741,26,105,60
1770614213.6538842,101.8149,82.04616,2962.741,21,125,60
1770614213.653897,101.8149,82.04616,2962.741,23,145,60
1770614213.6539094,101.8149,82.04616,2962.741,38,25,90
1770614213.6539223,101.8149,82.04616,2962.741,38,45,90
1770614213.653935,101.8149,82.04616,2962.741,40,65,90
1770614213.6539476,101.8149,82.04616,2962.741,44,85,90
1770614213.6539602,101.8149,82.04616,2962.741,20,105,90
1770614213.653973,101.8149,82.04616,2962.741,20,125,90
1770614213.6539857,101.8149,82.04616,2962.741,21,145,90
1770614213.6539984,101.8149,82.04616,2962.741,19,25,120
1770614213.6540112,101.8149,82.04616,2962.741,34,45,120
1770614213.6540241,101.8149,82.04616,2962.741,40,65,120
1770614213.654037,101.8149,82.04616,2962.741,18,85,120
1770614213.6540499,101.8149,82.04616,2962.741,21,105,120
1770614213.6540625,101.8149,82.04616,2962.741,20,125,120
1770614213.6540754,101.8149,82.04616,2962.741,20,145,120
1770614224.3594148,96.11906,44.69975,3141.921,52,25,60
1770614224.3594441,96.11906,44.69975,3141.921,58,45,60
1770614224.3594594,96.11906,44.69975,3141.921,53,65,60
1770614224.3594742,96.11906,44.69975,3141.921,53,85,60
1770614224.3594887,96.11906,44.69975,3141.921,97,105,60
1770614224.359503,96.11906,44.69975,3141.921,14,125,60
1770614224.35952,96.11906,44.69975,3141.921,16,145,60
1770614224.3595343,96.11906,44.69975,3141.921,19,25,90
1770614224.3595486,96.11906,44.69975,3141.921,8,45,90
1770614224.3595626,96.11906,44.69975,3141.921,53,65,90
1770614224.3595765,96.11906,44.69975,3141.921,19,85,90
1770614224.3595903,96.11906,44.69975,3141.921,16,105,90
1770614224.3596046,96.11906,44.69975,3141.921,12,125,90
1770614224.359618,96.11906,44.69975,3141.921,12,145,90
1770614224.3596318,96.11906,44.69975,3141.921,16,25,120
1770614224.3596456,96.11906,44.69975,3141.921,20,45,120
1770614224.3596594,96.11906,44.69975,3141.921,16,65,120
1770614224.3596733,96.11906,44.69975,3141.921,18,85,120
1770614224.3596873,96.11906,44.69975,3141.921,17,105,120
1770614224.359701,96.11906,44.69975,3141.921,13,125,120
1770614224.3597147,96.11906,44.69975,3141.921,16,145,120
1770614229.3096933,87.48778,-11.89334,3141.921,53,25,60
1770614229.3097227,87.48778,-11.89334,3141.921,58,45,60
1770614229.3097382,87.48778,-11.89334,3141.921,54,65,60
1770614229.309753,87.48778,-11.89334,3141.921,55,85,60
1770614229.309767,87.48778,-11.89334,3141.921,58,105,60
1770614229.309781,87.48778,-11.89334,3141.921,13,125,60
1770614229.3097951,87.48778,-11.89334,3141.921,16,145,60
1770614229.309809,87.48778,-11.89334,3141.921,52,25,90
1770614229.3098228,87.48778,-11.89334,3141.921,10,45,90
1770614229.3098369,87.48778,-11.89334,3141.921,51,65,90
1770614229.309851,87.48778,-11.89334,3141.921,47,85,90
1770614229.3098648,87.48778,-11.89334,3141.921,18,105,90
1770614229.3098783,87.48778,-11.89334,3141.921,11,125,90
1770614229.3098927,87.48778,-11.89334,3141.921,11,145,90
1770614229.3099103,87.48778,-11.89334,3141.921,16,25,120
1770614229.3099244,87.48778,-11.89334,3141.921,9,45,120
1770614229.3099384,87.48778,-11.89334,3141.921,9,65,120
1770614229.3099527,87.48778,-11.89334,3141.921,17,85,120
1770614229.3099666,87.48778,-11.89334,3141.921,18,105,120
1770614229.309981,87.48778,-11.89334,3141.921,13,125,120
1770614229.309995,87.48778,-11.89334,3141.921,16,145,120
1770614239.796415,89.43478,-0.99895,3320.494,71,25,60
1770614239.796445,89.43478,-0.99895,3320.494,45,45,60
1770614239.7964604,89.43478,-0.99895,3320.494,71,65,60
1770614239.7964754,89.43478,-0.99895,3320.494,72,85,60
1770614239.7964897,89.43478,-0.99895,3320.494,73,105,60
1770614239.796504,89.43478,-0.99895,3320.494,78,125,60
1770614239.7965178,89.43478,-0.99895,3320.494,58,145,60
1770614239.7965348,89.43478,-0.99895,3320.494,35,25,90
1770614239.796549,89.43478,-0.99895,3320.494,23,45,90
1770614239.796563,89.43478,-0.99895,3320.494,23,65,90
1770614239.7965765,89.43478,-0.99895,3320.494,37,85,90
1770614239.7965903,89.43478,-0.99895,3320.494,30,105,90
1770614239.7966046,89.43478,-0.99895,3320.494,14,125,90
1770614239.7966185,89.43478,-0.99895,3320.494,18,145,90
1770614239.796632,89.43478,-0.99895,3320.494,28,25,120
1770614239.7966459,89.43478,-0.99895,3320.494,29,45,120
1770614239.7966595,89.43478,-0.99895,3320.494,24,65,120
1770614239.7966735,89.43478,-0.99895,3320.494,28,85,120
1770614239.7966874,89.43478,-0.99895,3320.494,22,105,120
1770614239.7967014,89.43478,-0.99895,3320.494,18,125,120
1770614239.7967153,89.43478,-0.99895,3320.494,10,145,120
1770614245.7070513,87.36578,4.502615,3351.242,44,25,60
1770614245.707082,87.36578,4.502615,3351.242,42,45,60
1770614245.707098,87.36578,4.502615,3351.242,41,65,60
1770614245.7071128,87.36578,4.502615,3351.242,93,85,60
1770614245.7071273,87.36578,4.502615,3351.242,70,105,60
1770614245.7071419,87.36578,4.502615,3351.242,73,125,60
1770614245.7071562,87.36578,4.502615,3351.242,76,145,60
1770614245.7071702,87.36578,4.502615,3351.242,21,25,90
1770614245.7071843,87.36578,4.502615,3351.242,37,45,90
1770614245.7071989,87.36578,4.502615,3351.242,24,65,90
1770614245.7072127,87.36578,4.502615,3351.242,20,85,90
1770614245.7072265,87.36578,4.502615,3351.242,90,105,90
1770614245.70724,87.36578,4.502615,3351.242,80,125,90
1770614245.707254,87.36578,4.502615,3351.242,17,145,90
1770614245.7072704,87.36578,4.502615,3351.242,22,25,120
1770614245.707282,87.36578,4.502615,3351.242,37,45,120
1770614245.707292,87.36578,4.502615,3351.242,24,65,120
1770614245.7073023,87.36578,4.502615,3351.242,21,85,120
1770614245.7073154,87.36578,4.502615,3351.242,21,105,120
1770614245.7073276,87.36578,4.502615,3351.242,26,125,120
1770614245.7073395,87.36578,4.502615,3351.242,58,145,120
1770614252.4441953,64.87166,64.31572,3351.242,69,25,60
1770614252.4442225,64.87166,64.31572,3351.242,38,45,60
1770614252.4442365,64.87166,64.31572,3351.242,38,65,60
1770614252.4442492,64.87166,64.31572,3351.242,66,85,60
1770614252.4442606,64.87166,64.31572,3351.242,66,105,60
1770614252.444273,64.87166,64.31572,3351.242,71,125,60
1770614252.4442909,64.87166,64.31572,3351.242,71,145,60
1770614252.444306,64.87166,64.31572,3351.242,18,25,90
1770614252.4443202,64.87166,64.31572,3351.242,38,45,90
1770614252.4443352,64.87166,64.31572,3351.242,17,65,90
1770614252.4443493,64.87166,64.31572,3351.242,17,85,90
1770614252.444363,64.87166,64.31572,3351.242,20,105,90
1770614252.4443772,64.87166,64.31572,3351.242,21,125,90
1770614252.444391,64.87166,64.31572,3351.242,17,145,90
1770614252.4444041,64.87166,64.31572,3351.242,16,25,120
1770614252.4444187,64.87166,64.31572,3351.242,24,45,120
1770614252.4444327,64.87166,64.31572,3351.242,17,65,120
1770614252.4444468,64.87166,64.31572,3351.242,17,85,120
1770614252.4444604,64.87166,64.31572,3351.242,17,105,120
1770614252.4444747,64.87166,64.31572,3351.242,32,125,120
1770614252.4444885,64.87166,64.31572,3351.242,16,145,120
1770614257.476828,64.87166,64.31572,3364.885,39,25,60
1770614257.4768558,64.87166,64.31572,3364.885,37,45,60
1770614257.4768715,64.87166,64.31572,3364.885,38,65,60
1770614257.476886,64.87166,64.31572,3364.885,87,85,60
1770614257.4769,64.87166,64.31572,3364.885,66,105,60
1770614257.476914,64.87166,64.31572,3364.885,67,125,60
1770614257.476928,64.87166,64.31572,3364.885,71,145,60
1770614257.4769416,64.87166,64.31572,3364.885,16,25,90
1770614257.4769557,64.87166,64.31572,3364.885,34,45,90
1770614257.4769695,64.87166,64.31572,3364.885,19,65,90
1770614257.4769833,64.87166,64.31572,3364.885,16,85,90
1770614257.4769971,64.87166,64.31572,3364.885,22,105,90
1770614257.4770112,64.87166,64.31572,3364.885,72,125,90
1770614257.4770305,64.87166,64.31572,3364.885,20,145,90
1770614257.4770446,64.87166,64.31572,3364.885,16,25,120
1770614257.477063,64.87166,64.31572,3364.885,33,45,120
1770614257.4770763,64.87166,64.31572,3364.885,19,65,120
1770614257.477089,64.87166,64.31572,3364.885,16,85,120
1770614257.4771008,64.87166,64.31572,3364.885,17,105,120
1770614257.4771168,64.87166,64.31572,3364.885,21,125,120
1770614257.4771292,64.87166,64.31572,3364.885,23,145,120
1770614262.5463376,64.87166,64.31572,3364.885,40,25,60
1770614262.5463638,64.87166,64.31572,3364.885,37,45,60
1770614262.5463789,64.87166,64.31572,3364.885,37,65,60
1770614262.5463912,64.87166,64.31572,3364.885,66,85,60
1770614262.5464032,64.87166,64.31572,3364.885,67,105,60
1770614262.5464184,64.87166,64.31572,3364.885,66,125,60
1770614262.5464358,64.87166,64.31572,3364.885,71,145,60
1770614262.54645,64.87166,64.31572,3364.885,16,25,90
1770614262.5464637,64.87166,64.31572,3364.885,33,45,90
1770614262.5464778,64.87166,64.31572,3364.885,36,65,90
1770614262.5464919,64.87166,64.31572,3364.885,17,85,90
1770614262.5465057,64.87166,64.31572,3364.885,18,105,90
1770614262.5465195,64.87166,64.31572,3364.885,73,125,90
1770614262.5465333,64.87166,64.31572,3364.885,20,145,90
1770614262.5465474,64.87166,64.31572,3364.885,16,25,120
1770614262.546561,64.87166,64.31572,3364.885,33,45,120
1770614262.5465748,64.87166,64.31572,3364.885,19,65,120
1770614262.5465913,64.87166,64.31572,3364.885,16,85,120
1770614262.546602,64.87166,64.31572,3364.885,17,105,120
1770614262.5466127,64.87166,64.31572,3364.885,23,125,120
1770614262.5466232,64.87166,64.31572,3364.885,23,145,120
1770614274.5141919,64.87166,64.31572,3364.885,38,25,60
1770614274.5142214,64.87166,64.31572,3364.885,37,45,60
1770614274.5142365,64.87166,64.31572,3364.885,37,65,60
1770614274.5142508,64.87166,64.31572,3364.885,70,85,60
1770614274.514265,64.87166,64.31572,3364.885,69,105,60
1770614274.5142794,64.87166,64.31572,3364.885,70,125,60
1770614274.5142965,64.87166,64.31572,3364.885,72,145,60
1770614274.5143113,64.87166,64.31572,3364.885,16,25,90
1770614274.514325,64.87166,64.31572,3364.885,33,45,90
1770614274.5143394,64.87166,64.31572,3364.885,39,65,90
1770614274.514353,64.87166,64.31572,3364.885,17,85,90
1770614274.5143669,64.87166,64.31572,3364.885,18,105,90
1770614274.5143807,64.87166,64.31572,3364.885,72,125,90
1770614274.514395,64.87166,64.31572,3364.885,21,145,90
1770614274.5144083,64.87166,64.31572,3364.885,16,25,120
1770614274.514423,64.87166,64.31572,3364.885,33,45,120
1770614274.5144367,64.87166,64.31572,3364.885,20,65,120
1770614274.514451,64.87166,64.31572,3364.885,16,85,120
1770614274.5144649,64.87166,64.31572,3364.885,17,105,120
1770614274.514479,64.87166,64.31572,3364.885,21,125,120
1770614274.514493,64.87166,64.31572,3364.885,32,145,120
1770614279.10307,64.87166,64.31572,3364.885,69,25,60
1770614279.1030993,64.87166,64.31572,3364.885,37,45,60
1770614279.103115,64.87166,64.31572,3364.885,38,65,60
1770614279.1031296,64.87166,64.31572,3364.885,69,85,60
1770614279.103144,64.87166,64.31572,3364.885,68,105,60
1770614279.1031578,64.87166,64.31572,3364.885,68,125,60
1770614279.103172,64.87166,64.31572,3364.885,73,145,60
1770614279.1031861,64.87166,64.31572,3364.885,18,25,90
1770614279.1032,64.87166,64.31572,3364.885,34,45,90
1770614279.103214,64.87166,64.31572,3364.885,34,65,90
1770614279.1032279,64.87166,64.31572,3364.885,17,85,90
1770614279.1032476,64.87166,64.31572,3364.885,18,105,90
1770614279.1032588,64.87166,64.31572,3364.885,73,125,90
1770614279.1032693,64.87166,64.31572,3364.885,21,145,90
1770614279.1032875,64.87166,64.31572,3364.885,35,25,120
1770614279.103303,64.87166,64.31572,3364.885,33,45,120
1770614279.1033168,64.87166,64.31572,3364.885,18,65,120
1770614279.1033313,64.87166,64.31572,3364.885,16,85,120
1770614279.1033454,64.87166,64.31572,3364.885,17,105,120
1770614279.1033595,64.87166,64.31572,3364.885,22,125,120
1770614279.1033735,64.87166,64.31572,3364.885,37,145,120
1770614283.555957,64.87166,64.31572,3364.885,39,25,60
1770614283.55599,64.87166,64.31572,3364.885,37,45,60
1770614283.5560062,64.87166,64.31572,3364.885,37,65,60
1770614283.5560215,64.87166,64.31572,3364.885,68,85,60
1770614283.5560372,64.87166,64.31572,3364.885,67,105,60
1770614283.5560522,64.87166,64.31572,3364.885,67,125,60
1770614283.5560668,64.87166,64.31572,3364.885,71,145,60
1770614283.556082,64.87166,64.31572,3364.885,17,25,90
1770614283.5560963,64.87166,64.31572,3364.885,33,45,90
1770614283.5561109,64.87166,64.31572,3364.885,37,65,90
1770614283.5561254,64.87166,64.31572,3364.885,17,85,90
1770614283.55614,64.87166,64.31572,3364.885,18,105,90
1770614283.556154,64.87166,64.31572,3364.885,73,125,90
1770614283.5561688,64.87166,64.31572,3364.885,21,145,90
1770614283.556183,64.87166,64.31572,3364.885,16,25,120
1770614283.5561972,64.87166,64.31572,3364.885,33,45,120
1770614283.5562117,64.87166,64.31572,3364.885,18,65,120
1770614283.5562267,64.87166,64.31572,3364.885,16,85,120
1770614283.556242,64.87166,64.31572,3364.885,17,105,120
1770614283.556257,64.87166,64.31572,3364.885,19,125,120
1770614283.556271,64.87166,64.31572,3364.885,36,145,120
1770614288.1847143,64.87166,64.31572,3364.885,39,25,60
1770614288.184768,64.87166,64.31572,3364.885,37,45,60
1770614288.1847942,64.87166,64.31572,3364.885,37,65,60
1770614288.1848104,64.87166,64.31572,3364.885,90,85,60
1770614288.1848261,64.87166,64.31572,3364.885,68,105,60
1770614288.1848414,64.87166,64.31572,3364.885,68,125,60
1770614288.1848562,64.87166,64.31572,3364.885,71,145,60
1770614288.184871,64.87166,64.31572,3364.885,17,25,90
1770614288.1848855,64.87166,64.31572,3364.885,33,45,90
1770614288.1849005,64.87166,64.31572,3364.885,34,65,90
1770614288.1849153,64.87166,64.31572,3364.885,17,85,90
1770614288.1849303,64.87166,64.31572,3364.885,18,105,90
1770614288.1849449,64.87166,64.31572,3364.885,73,125,90
1770614288.1849594,64.87166,64.31572,3364.885,21,145,90
1770614288.184975,64.87166,64.31572,3364.885,22,25,120
1770614288.1849895,64.87166,64.31572,3364.885,33,45,120
1770614288.1850045,64.87166,64.31572,3364.885,18,65,120
1770614288.1850202,64.87166,64.31572,3364.885,16,85,120
1770614288.1850355,64.87166,64.31572,3364.885,17,105,120
1770614288.18505,64.87166,64.31572,3364.885,21,125,120
1770614288.185064,64.87166,64.31572,3364.885,200,145,120
1770614292.732968,64.87166,64.31572,3364.885,38,25,60
1770614292.7330024,64.87166,64.31572,3364.885,37,45,60
1770614292.7330203,64.87166,64.31572,3364.885,37,65,60
1770614292.7330356,64.87166,64.31572,3364.885,90,85,60
1770614292.7330506,64.87166,64.31572,3364.885,69,105,60
1770614292.7330663,64.87166,64.31572,3364.885,68,125,60
1770614292.7330809,64.87166,64.31572,3364.885,71,145,60
1770614292.733099,64.87166,64.31572,3364.885,18,25,90
1770614292.7331135,64.87166,64.31572,3364.885,34,45,90
1770614292.7331285,64.87166,64.31572,3364.885,39,65,90
1770614292.7331433,64.87166,64.31572,3364.885,17,85,90
1770614292.7331572,64.87166,64.31572,3364.885,18,105,90
1770614292.7331717,64.87166,64.31572,3364.885,74,125,90
1770614292.733186,64.87166,64.31572,3364.885,21,145,90
1770614292.7332003,64.87166,64.31572,3364.885,20,25,120
1770614292.7332153,64.87166,64.31572,3364.885,33,45,120
1770614292.7332296,64.87166,64.31572,3364.885,18,65,120
1770614292.7332447,64.87166,64.31572,3364.885,16,85,120
1770614292.733259,64.87166,64.31572,3364.885,17,105,120
1770614292.7332737,64.87166,64.31572,3364.885,22,125,120
1770614292.7332888,64.87166,64.31572,3364.885,37,145,120
1770614305.7741208,59.28654,24.7881,3502.618,23,25,60
1770614305.7741485,59.28654,24.7881,3502.618,36,45,60
1770614305.7741625,59.28654,24.7881,3502.618,40,65,60
1770614305.7741764,59.28654,24.7881,3502.618,27,85,60
1770614305.7741883,59.28654,24.7881,3502.618,19,105,60
1770614305.7742007,59.28654,24.7881,3502.618,17,125,60
1770614305.7742157,59.28654,24.7881,3502.618,19,145,60
1770614305.774233,59.28654,24.7881,3502.618,19,25,90
1770614305.7742472,59.28654,24.7881,3502.618,30,45,90
1770614305.7742612,59.28654,24.7881,3502.618,19,65,90
1770614305.774275,59.28654,24.7881,3502.618,19,85,90
1770614305.774289,59.28654,24.7881,3502.618,17,105,90
1770614305.7743027,59.28654,24.7881,3502.618,17,125,90
1770614305.7743201,59.28654,24.7881,3502.618,17,145,90
1770614305.7743344,59.28654,24.7881,3502.618,23,25,120
1770614305.7743483,59.28654,24.7881,3502.618,20,45,120
1770614305.774362,59.28654,24.7881,3502.618,19,65,120
1770614305.7743766,59.28654,24.7881,3502.618,17,85,120
1770614305.7743905,59.28654,24.7881,3502.618,16,105,120
1770614305.7744048,59.28654,24.7881,3502.618,16,125,120
1770614305.7744186,59.28654,24.7881,3502.618,18,145,120
1770614310.571984,45.90438,-69.92165,3502.618,39,25,60
1770614310.5720155,45.90438,-69.92165,3502.618,35,45,60
1770614310.5720325,45.90438,-69.92165,3502.618,38,65,60
1770614310.5720477,45.90438,-69.92165,3502.618,58,85,60
1770614310.5720623,45.90438,-69.92165,3502.618,18,105,60
1770614310.572078,45.90438,-69.92165,3502.618,17,125,60
1770614310.5720925,45.90438,-69.92165,3502.618,130,145,60
1770614310.5721076,45.90438,-69.92165,3502.618,19,25,90
1770614310.5721223,45.90438,-69.92165,3502.618,19,45,90
1770614310.5721402,45.90438,-69.92165,3502.618,30,65,90
1770614310.5721552,45.90438,-69.92165,3502.618,27,85,90
1770614310.5721698,45.90438,-69.92165,3502.618,17,105,90
1770614310.5721846,45.90438,-69.92165,3502.618,16,125,90
1770614310.5721993,45.90438,-69.92165,3502.618,17,145,90
1770614310.5722136,45.90438,-69.92165,3502.618,16,25,120
1770614310.5722282,45.90438,-69.92165,3502.618,21,45,120
1770614310.5722427,45.90438,-69.92165,3502.618,27,65,120
1770614310.5722578,45.90438,-69.92165,3502.618,16,85,120
1770614310.5722723,45.90438,-69.92165,3502.618,16,105,120
1770614310.5722873,45.90438,-69.92165,3502.618,17,125,120
1770614310.5723019,45.90438,-69.92165,3502.618,16,145,120
1770614322.448084,52.94388,-25.84248,3681.621,71,25,60
1770614322.448114,52.94388,-25.84248,3681.621,5,45,60
1770614322.44813,52.94388,-25.84248,3681.621,4,65,60
1770614322.4481442,52.94388,-25.84248,3681.621,88,85,60
1770614322.4481587,52.94388,-25.84248,3681.621,17,105,60
1770614322.4481728,52.94388,-25.84248,3681.621,86,125,60
1770614322.4481866,52.94388,-25.84248,3681.621,20,145,60
1770614322.4482007,52.94388,-25.84248,3681.621,5,25,90
1770614322.4482148,52.94388,-25.84248,3681.621,3,45,90
1770614322.4482288,52.94388,-25.84248,3681.621,3,65,90
1770614322.448243,52.94388,-25.84248,3681.621,9,85,90
1770614322.4482567,52.94388,-25.84248,3681.621,5,105,90
1770614322.4482703,52.94388,-25.84248,3681.621,6,125,90
1770614322.4482841,52.94388,-25.84248,3681.621,19,145,90
1770614322.4482982,52.94388,-25.84248,3681.621,16,25,120
1770614322.4483123,52.94388,-25.84248,3681.621,11,45,120
1770614322.448326,52.94388,-25.84248,3681.621,3,65,120
1770614322.4483402,52.94388,-25.84248,3681.621,11,85,120
1770614322.4483533,52.94388,-25.84248,3681.621,16,105,120
1770614322.448367,52.94388,-25.84248,3681.621,16,125,120
1770614322.4483798,52.94388,-25.84248,3681.621,19,145,120
1770614327.256288,61.74074,29.24077,3681.621,4,25,60
1770614327.256319,61.74074,29.24077,3681.621,58,45,60
1770614327.256335,61.74074,29.24077,3681.621,200,65,60
1770614327.2563508,61.74074,29.24077,3681.621,80,85,60
1770614327.2563665,61.74074,29.24077,3681.621,82,105,60
1770614327.2563815,61.74074,29.24077,3681.621,82,125,60
1770614327.2563958,61.74074,29.24077,3681.621,20,145,60
1770614327.2564104,61.74074,29.24077,3681.621,3,25,90
1770614327.2564247,61.74074,29.24077,3681.621,6,45,90
1770614327.2564392,61.74074,29.24077,3681.621,3,65,90
1770614327.2564547,61.74074,29.24077,3681.621,5,85,90
1770614327.2564692,61.74074,29.24077,3681.621,5,105,90
1770614327.2564836,61.74074,29.24077,3681.621,7,125,90
1770614327.2564976,61.74074,29.24077,3681.621,18,145,90
1770614327.2565122,61.74074,29.24077,3681.621,10,25,120
1770614327.2565267,61.74074,29.24077,3681.621,11,45,120
1770614327.2565403,61.74074,29.24077,3681.621,3,65,120
1770614327.2565548,61.74074,29.24077,3681.621,11,85,120
1770614327.2565691,61.74074,29.24077,3681.621,7,105,120
1770614327.2565837,61.74074,29.24077,3681.621,16,125,120
1770614327.2565975,61.74074,29.24077,3681.621,19,145,120
1770614338.2658644,60.35302,24.3067,3855.019,95,25,60
1770614338.2658935,60.35302,24.3067,3855.019,58,45,60
1770614338.2659094,60.35302,24.3067,3855.019,58,65,60
1770614338.2659245,60.35302,24.3067,3855.019,58,85,60
1770614338.2659383,60.35302,24.3067,3855.019,96,105,60
1770614338.2659526,60.35302,24.3067,3855.019,41,125,60
1770614338.2659667,60.35302,24.3067,3855.019,58,145,60
1770614338.26598,60.35302,24.3067,3855.019,47,25,90
1770614338.2659934,60.35302,24.3067,3855.019,44,45,90
1770614338.2660072,60.35302,24.3067,3855.019,47,65,90
1770614338.266021,60.35302,24.3067,3855.019,48,85,90
1770614338.2660346,60.35302,24.3067,3855.019,37,105,90
1770614338.2660487,60.35302,24.3067,3855.019,38,125,90
1770614338.2660625,60.35302,24.3067,3855.019,42,145,90
1770614338.2660763,60.35302,24.3067,3855.019,51,25,120
1770614338.2660902,60.35302,24.3067,3855.019,46,45,120
1770614338.2661042,60.35302,24.3067,3855.019,43,65,120
1770614338.2661183,60.35302,24.3067,3855.019,48,85,120
1770614338.266132,60.35302,24.3067,3855.019,30,105,120
1770614338.2661464,60.35302,24.3067,3855.019,20,125,120
1770614338.26616,60.35302,24.3067,3855.019,16,145,120
1770614342.8561559,45.30909,-29.18249,3855.019,93,25,60
1770614342.8561854,45.30909,-29.18249,3855.019,77,45,60
1770614342.8562014,45.30909,-29.18249,3855.019,62,65,60
1770614342.8562167,45.30909,-29.18249,3855.019,59,85,60
1770614342.856231,45.30909,-29.18249,3855.019,38,105,60
1770614342.8562453,45.30909,-29.18249,3855.019,58,125,60
1770614342.8562593,45.30909,-29.18249,3855.019,58,145,60
1770614342.856274,45.30909,-29.18249,3855.019,50,25,90
1770614342.856292,45.30909,-29.18249,3855.019,44,45,90
1770614342.8563063,45.30909,-29.18249,3855.019,47,65,90
1770614342.856321,45.30909,-29.18249,3855.019,39,85,90
1770614342.8563352,45.30909,-29.18249,3855.019,37,105,90
1770614342.85635,45.30909,-29.18249,3855.019,37,125,90
1770614342.8563638,45.30909,-29.18249,3855.019,16,145,90
1770614342.856378,45.30909,-29.18249,3855.019,48,25,120
1770614342.856392,45.30909,-29.18249,3855.019,45,45,120
1770614342.8564062,45.30909,-29.18249,3855.019,45,65,120
1770614342.8564208,45.30909,-29.18249,3855.019,48,85,120
1770614342.8564353,45.30909,-29.18249,3855.019,37,105,120
1770614342.8564491,45.30909,-29.18249,3855.019,17,125,120
1770614342.856464,45.30909,-29.18249,3855.019,17,145,120
1770614355.4174225,59.17413,17.25455,4034.137,19,25,60
1770614355.4174492,59.17413,17.25455,4034.137,17,45,60
1770614355.4174626,59.17413,17.25455,4034.137,16,65,60
1770614355.4174778,59.17413,17.25455,4034.137,19,85,60
1770614355.4174945,59.17413,17.25455,4034.137,200,105,60
1770614355.417509,59.17413,17.25455,4034.137,200,125,60
1770614355.4175227,59.17413,17.25455,4034.137,122,145,60
1770614355.417537,59.17413,17.25455,4034.137,29,25,90
1770614355.4175506,59.17413,17.25455,4034.137,13,45,90
1770614355.4175649,59.17413,17.25455,4034.137,26,65,90
1770614355.4175785,59.17413,17.25455,4034.137,21,85,90
1770614355.4175918,59.17413,17.25455,4034.137,17,105,90
1770614355.4176054,59.17413,17.25455,4034.137,18,125,90
1770614355.4176192,59.17413,17.25455,4034.137,19,145,90
1770614355.417633,59.17413,17.25455,4034.137,16,25,120
1770614355.417647,59.17413,17.25455,4034.137,17,45,120
1770614355.4176607,59.17413,17.25455,4034.137,22,65,120
1770614355.4176745,59.17413,17.25455,4034.137,18,85,120
1770614355.4176886,59.17413,17.25455,4034.137,17,105,120
1770614355.4177055,59.17413,17.25455,4034.137,17,125,120
1770614355.4177194,59.17413,17.25455,4034.137,19,145,120
1770614360.6335864,59.17413,17.25455,4055.696,200,25,60
1770614360.6336205,59.17413,17.25455,4055.696,200,45,60
1770614360.6336374,59.17413,17.25455,4055.696,200,65,60
1770614360.633653,59.17413,17.25455,4055.696,200,85,60
1770614360.6336672,59.17413,17.25455,4055.696,200,105,60
1770614360.633682,59.17413,17.25455,4055.696,200,125,60
1770614360.6336958,59.17413,17.25455,4055.696,200,145,60
1770614360.63371,59.17413,17.25455,4055.696,19,25,90
1770614360.6337242,59.17413,17.25455,4055.696,19,45,90
1770614360.6337416,59.17413,17.25455,4055.696,19,65,90
1770614360.6338122,59.17413,17.25455,4055.696,19,85,90
1770614360.633828,59.17413,17.25455,4055.696,19,105,90
1770614360.6338415,59.17413,17.25455,4055.696,19,125,90
1770614360.6338556,59.17413,17.25455,4055.696,19,145,90
1770614360.6338696,59.17413,17.25455,4055.696,18,25,120
1770614360.6338835,59.17413,17.25455,4055.696,18,45,120
1770614360.6338975,59.17413,17.25455,4055.696,18,65,120
1770614360.6339114,59.17413,17.25455,4055.696,18,85,120
1770614360.6339252,59.17413,17.25455,4055.696,18,105,120
1770614360.633939,59.17413,17.25455,4055.696,18,125,120
1770614360.6339526,59.17413,17.25455,4055.696,18,145,120
1770614367.9638324,59.17413,17.25455,4055.696,19,25,60
1770614367.9638608,59.17413,17.25455,4055.696,14,45,60
1770614367.9638767,59.17413,17.25455,4055.696,62,65,60
1770614367.963891,59.17413,17.25455,4055.696,17,85,60
1770614367.963905,59.17413,17.25455,4055.696,200,105,60
1770614367.9639194,59.17413,17.25455,4055.696,200,125,60
1770614367.9639335,59.17413,17.25455,4055.696,186,145,60
1770614367.963951,59.17413,17.25455,4055.696,16,25,90
1770614367.963965,59.17413,17.25455,4055.696,11,45,90
1770614367.9639788,59.17413,17.25455,4055.696,11,65,90
1770614367.9639926,59.17413,17.25455,4055.696,16,85,90
1770614367.9640064,59.17413,17.25455,4055.696,20,105,90
1770614367.9640203,59.17413,17.25455,4055.696,18,125,90
1770614367.964034,59.17413,17.25455,4055.696,19,145,90
1770614367.9640477,59.17413,17.25455,4055.696,19,25,120
1770614367.9640615,59.17413,17.25455,4055.696,11,45,120
1770614367.9640753,59.17413,17.25455,4055.696,29,65,120
1770614367.9640894,59.17413,17.25455,4055.696,22,85,120
1770614367.9641032,59.17413,17.25455,4055.696,19,105,120
1770614367.9641173,59.17413,17.25455,4055.696,17,125,120
1770614367.9641309,59.17413,17.25455,4055.696,18,145,120
1770614372.6569538,59.17413,17.25455,4055.696,200,25,60
1770614372.6569798,59.17413,17.25455,4055.696,14,45,60
1770614372.6569996,59.17413,17.25455,4055.696,17,65,60
1770614372.657015,59.17413,17.25455,4055.696,17,85,60
1770614372.6570292,59.17413,17.25455,4055.696,200,105,60
1770614372.6570437,59.17413,17.25455,4055.696,140,125,60
1770614372.6570578,59.17413,17.25455,4055.696,154,145,60
1770614372.6570716,59.17413,17.25455,4055.696,13,25,90
1770614372.6570854,59.17413,17.25455,4055.696,11,45,90
1770614372.657099,59.17413,17.25455,4055.696,11,65,90
1770614372.6571126,59.17413,17.25455,4055.696,16,85,90
1770614372.6571264,59.17413,17.25455,4055.696,20,105,90
1770614372.6571403,59.17413,17.25455,4055.696,19,125,90
1770614372.657154,59.17413,17.25455,4055.696,19,145,90
1770614372.6571677,59.17413,17.25455,4055.696,30,25,120
1770614372.6571813,59.17413,17.25455,4055.696,11,45,120
1770614372.6571953,59.17413,17.25455,4055.696,9,65,120
1770614372.6572092,59.17413,17.25455,4055.696,9,85,120
1770614372.6572254,59.17413,17.25455,4055.696,11,105,120
1770614372.657241,59.17413,17.25455,4055.696,10,125,120
1770614372.6572528,59.17413,17.25455,4055.696,23,145,120
1770614378.2506793,61.48399,22.94943,4028.682,18,25,60
1770614378.2507093,61.48399,22.94943,4028.682,12,45,60
1770614378.2507243,61.48399,22.94943,4028.682,17,65,60
1770614378.250739,61.48399,22.94943,4028.682,18,85,60
1770614378.2507539,61.48399,22.94943,4028.682,16,105,60
1770614378.2507682,61.48399,22.94943,4028.682,23,125,60
1770614378.2507818,61.48399,22.94943,4028.682,27,145,60
1770614378.2507958,61.48399,22.94943,4028.682,14,25,90
1770614378.2508094,61.48399,22.94943,4028.682,12,45,90
1770614378.2508233,61.48399,22.94943,4028.682,8,65,90
1770614378.2508373,61.48399,22.94943,4028.682,30,85,90
1770614378.2508512,61.48399,22.94943,4028.682,22,105,90
1770614378.2508652,61.48399,22.94943,4028.682,24,125,90
1770614378.250881,61.48399,22.94943,4028.682,24,145,90
1770614378.250901,61.48399,22.94943,4028.682,8,25,120
1770614378.250918,61.48399,22.94943,4028.682,13,45,120
1770614378.2509322,61.48399,22.94943,4028.682,9,65,120
1770614378.2509463,61.48399,22.94943,4028.682,23,85,120
1770614378.2509604,61.48399,22.94943,4028.682,5,105,120
1770614378.2509742,61.48399,22.94943,4028.682,12,125,120
1770614378.2509885,61.48399,22.94943,4028.682,10,145,120
1770614383.6624322,82.54595,74.87683,4028.682,16,25,60
1770614383.6624618,82.54595,74.87683,4028.682,8,45,60
1770614383.662477,82.54595,74.87683,4028.682,14,65,60
1770614383.6624913,82.54595,74.87683,4028.682,59,85,60
1770614383.6625059,82.54595,74.87683,4028.682,45,105,60
1770614383.6625202,82.54595,74.87683,4028.682,62,125,60
1770614383.6625345,82.54595,74.87683,4028.682,26,145,60
1770614383.6625519,82.54595,74.87683,4028.682,12,25,90
1770614383.662566,82.54595,74.87683,4028.682,10,45,90
1770614383.6625803,82.54595,74.87683,4028.682,11,65,90
1770614383.6625943,82.54595,74.87683,4028.682,30,85,90
1770614383.6626081,82.54595,74.87683,4028.682,24,105,90
1770614383.6626222,82.54595,74.87683,4028.682,23,125,90
1770614383.662636,82.54595,74.87683,4028.682,23,145,90
1770614383.6626496,82.54595,74.87683,4028.682,16,25,120
1770614383.6626637,82.54595,74.87683,4028.682,13,45,120
1770614383.6626775,82.54595,74.87683,4028.682,16,65,120
1770614383.6626916,82.54595,74.87683,4028.682,18,85,120
1770614383.6627057,82.54595,74.87683,4028.682,25,105,120
1770614383.6627197,82.54595,74.87683,4028.682,16,125,120
1770614383.662734,82.54595,74.87683,4028.682,9,145,120
1770614389.054567,108.726,139.4228,4028.682,36,25,60
1770614389.054612,108.726,139.4228,4028.682,12,45,60
1770614389.0546277,108.726,139.4228,4028.682,13,65,60
1770614389.054641,108.726,139.4228,4028.682,44,85,60
1770614389.0546525,108.726,139.4228,4028.682,37,105,60
1770614389.0546649,108.726,139.4228,4028.682,27,125,60
1770614389.0546775,108.726,139.4228,4028.682,17,145,60
1770614389.0546901,108.726,139.4228,4028.682,16,25,90
1770614389.0547025,108.726,139.4228,4028.682,11,45,90
1770614389.0547154,108.726,139.4228,4028.682,10,65,90
1770614389.0547338,108.726,139.4228,4028.682,32,85,90
1770614389.0547504,108.726,139.4228,4028.682,27,105,90
1770614389.0547655,108.726,139.4228,4028.682,23,125,90
1770614389.0547822,108.726,139.4228,4028.682,23,145,90
1770614389.0547967,108.726,139.4228,4028.682,15,25,120
1770614389.0548096,108.726,139.4228,4028.682,12,45,120
1770614389.0548205,108.726,139.4228,4028.682,13,65,120
1770614389.0548313,108.726,139.4228,4028.682,16,85,120
1770614389.054842,108.726,139.4228,4028.682,24,105,120
1770614389.0548527,108.726,139.4228,4028.682,23,125,120
1770614389.0548635,108.726,139.4228,4028.682,23,145,120
1770614397.8132424,104.8925,130.7459,4206.957,84,25,60
1770614397.813305,104.8925,130.7459,4206.957,59,45,60
1770614397.8133194,104.8925,130.7459,4206.957,20,65,60
1770614397.8133307,104.8925,130.7459,4206.957,200,85,60
1770614397.813366,104.8925,130.7459,4206.957,82,105,60
1770614397.8133786,104.8925,130.7459,4206.957,37,125,60
1770614397.8133905,104.8925,130.7459,4206.957,16,145,60
1770614397.8134017,104.8925,130.7459,4206.957,20,25,90
1770614397.8134127,104.8925,130.7459,4206.957,18,45,90
1770614397.8134239,104.8925,130.7459,4206.957,18,65,90
1770614397.8134353,104.8925,130.7459,4206.957,22,85,90
1770614397.8134472,104.8925,130.7459,4206.957,27,105,90
1770614397.813459,104.8925,130.7459,4206.957,32,125,90
1770614397.8134704,104.8925,130.7459,4206.957,16,145,90
1770614397.8134885,104.8925,130.7459,4206.957,29,25,120
1770614397.813505,104.8925,130.7459,4206.957,21,45,120
1770614397.8135197,104.8925,130.7459,4206.957,27,65,120
1770614397.8135343,104.8925,130.7459,4206.957,27,85,120
1770614397.8135488,104.8925,130.7459,4206.957,24,105,120
1770614397.8135602,104.8925,130.7459,4206.957,23,125,120
1770614397.8135712,104.8925,130.7459,4206.957,16,145,120
1770614402.7419639,80.51009,75.55922,4206.957,200,25,60
1770614402.7419991,80.51009,75.55922,4206.957,20,45,60
1770614402.7420173,80.51009,75.55922,4206.957,18,65,60
1770614402.7420344,80.51009,75.55922,4206.957,184,85,60
1770614402.742051,80.51009,75.55922,4206.957,176,105,60
1770614402.7420707,80.51009,75.55922,4206.957,62,125,60
1770614402.742087,80.51009,75.55922,4206.957,17,145,60
1770614402.7421036,80.51009,75.55922,4206.957,17,25,90
1770614402.7421198,80.51009,75.55922,4206.957,17,45,90
1770614402.7421355,80.51009,75.55922,4206.957,16,65,90
1770614402.7421517,80.51009,75.55922,4206.957,17,85,90
1770614402.742168,80.51009,75.55922,4206.957,19,105,90
1770614402.7421834,80.51009,75.55922,4206.957,32,125,90
1770614402.7421987,80.51009,75.55922,4206.957,14,145,90
1770614402.7422147,80.51009,75.55922,4206.957,24,25,120
1770614402.74223,80.51009,75.55922,4206.957,22,45,120
1770614402.7422454,80.51009,75.55922,4206.957,18,65,120
1770614402.7422616,80.51009,75.55922,4206.957,19,85,120
1770614402.7422779,80.51009,75.55922,4206.957,31,105,120
1770614402.7422945,80.51009,75.55922,4206.957,31,125,120
1770614402.7423103,80.51009,75.55922,4206.957,16,145,120
1770614414.628747,106.5045,123.3081,4382.263,102,25,60
1770614414.6287754,106.5045,123.3081,4382.263,24,45,60
1770614414.628791,106.5045,123.3081,4382.263,35,65,60
1770614414.6288056,106.5045,123.3081,4382.263,90,85,60
1770614414.6288197,106.5045,123.3081,4382.263,66,105,60
1770614414.628834,106.5045,123.3081,4382.263,75,125,60
1770614414.6288474,106.5045,123.3081,4382.263,75,145,60
1770614414.6288617,106.5045,123.3081,4382.263,16,25,90
1770614414.628875,106.5045,123.3081,4382.263,30,45,90
1770614414.628889,106.5045,123.3081,4382.263,17,65,90
1770614414.6289027,106.5045,123.3081,4382.263,16,85,90
1770614414.6289165,106.5045,123.3081,4382.263,21,105,90
1770614414.6289332,106.5045,123.3081,4382.263,17,125,90
1770614414.6289475,106.5045,123.3081,4382.263,16,145,90
1770614414.628961,106.5045,123.3081,4382.263,19,25,120
1770614414.628975,106.5045,123.3081,4382.263,16,45,120
1770614414.6289885,106.5045,123.3081,4382.263,17,65,120
1770614414.6290028,106.5045,123.3081,4382.263,16,85,120
1770614414.6290164,106.5045,123.3081,4382.263,17,105,120
1770614414.6290302,106.5045,123.3081,4382.263,20,125,120
1770614414.6290443,106.5045,123.3081,4382.263,19,145,120
1770614425.3890932,86.50866,88.18342,4561.208,49,25,60
1770614425.3891242,86.50866,88.18342,4561.208,42,45,60
1770614425.3891401,86.50866,88.18342,4561.208,41,65,60
1770614425.3891554,86.50866,88.18342,4561.208,48,85,60
1770614425.3891702,86.50866,88.18342,4561.208,200,105,60
1770614425.389185,86.50866,88.18342,4561.208,17,125,60
1770614425.3891993,86.50866,88.18342,4561.208,17,145,60
1770614425.389213,86.50866,88.18342,4561.208,42,25,90
1770614425.3892276,86.50866,88.18342,4561.208,40,45,90
1770614425.389242,86.50866,88.18342,4561.208,41,65,90
1770614425.3892555,86.50866,88.18342,4561.208,43,85,90
1770614425.3892694,86.50866,88.18342,4561.208,19,105,90
1770614425.3892837,86.50866,88.18342,4561.208,17,125,90
1770614425.3893034,86.50866,88.18342,4561.208,16,145,90
1770614425.3893154,86.50866,88.18342,4561.208,43,25,120
1770614425.3893254,86.50866,88.18342,4561.208,42,45,120
1770614425.389343,86.50866,88.18342,4561.208,42,65,120
1770614425.3893585,86.50866,88.18342,4561.208,44,85,120
1770614425.3893723,86.50866,88.18342,4561.208,23,105,120
1770614425.3893864,86.50866,88.18342,4561.208,17,125,120
1770614425.3894005,86.50866,88.18342,4561.208,16,145,120
1770614430.3896797,86.50866,88.18342,4576.887,41,25,60
1770614430.3898191,86.50866,88.18342,4576.887,41,45,60
1770614430.3899825,86.50866,88.18342,4576.887,40,65,60
1770614430.3900828,86.50866,88.18342,4576.887,42,85,60
1770614430.390114,86.50866,88.18342,4576.887,51,105,60
1770614430.390125,86.50866,88.18342,4576.887,162,125,60
1770614430.3901355,86.50866,88.18342,4576.887,19,145,60
1770614430.3901467,86.50866,88.18342,4576.887,39,25,90
1770614430.3901632,86.50866,88.18342,4576.887,40,45,90
1770614430.3901758,86.50866,88.18342,4576.887,39,65,90
1770614430.3901875,86.50866,88.18342,4576.887,41,85,90
1770614430.3901992,86.50866,88.18342,4576.887,44,105,90
1770614430.3902214,86.50866,88.18342,4576.887,18,125,90
1770614430.3902369,86.50866,88.18342,4576.887,16,145,90
1770614430.3902495,86.50866,88.18342,4576.887,37,25,120
1770614430.3902614,86.50866,88.18342,4576.887,42,45,120
1770614430.3904095,86.50866,88.18342,4576.887,37,65,120
1770614430.3904314,86.50866,88.18342,4576.887,42,85,120
1770614430.390456,86.50866,88.18342,4576.887,23,105,120
1770614430.3904693,86.50866,88.18342,4576.887,18,125,120
1770614430.3905025,86.50866,88.18342,4576.887,18,145,120
1770614434.8817472,86.50866,88.18342,4576.887,42,25,60
1770614434.881776,86.50866,88.18342,4576.887,41,45,60
1770614434.881792,86.50866,88.18342,4576.887,40,65,60
1770614434.8818069,86.50866,88.18342,4576.887,43,85,60
1770614434.8818212,86.50866,88.18342,4576.887,163,105,60
1770614434.8818355,86.50866,88.18342,4576.887,200,125,60
1770614434.8818495,86.50866,88.18342,4576.887,17,145,60
1770614434.8818638,86.50866,88.18342,4576.887,39,25,90
1770614434.8818777,86.50866,88.18342,4576.887,40,45,90
1770614434.8818917,86.50866,88.18342,4576.887,39,65,90
1770614434.8819053,86.50866,88.18342,4576.887,41,85,90
1770614434.8819194,86.50866,88.18342,4576.887,44,105,90
1770614434.8819332,86.50866,88.18342,4576.887,18,125,90
1770614434.8819473,86.50866,88.18342,4576.887,16,145,90
1770614434.8819609,86.50866,88.18342,4576.887,37,25,120
1770614434.8819754,86.50866,88.18342,4576.887,42,45,120
1770614434.8819888,86.50866,88.18342,4576.887,38,65,120
1770614434.8820028,86.50866,88.18342,4576.887,42,85,120
1770614434.8820171,86.50866,88.18342,4576.887,23,105,120
1770614434.8820312,86.50866,88.18342,4576.887,18,125,120
1770614434.882045,86.50866,88.18342,4576.887,17,145,120
1770614439.3245564,86.50866,88.18342,4576.887,41,25,60
1770614439.3245857,86.50866,88.18342,4576.887,41,45,60
1770614439.324601,86.50866,88.18342,4576.887,40,65,60
1770614439.3246162,86.50866,88.18342,4576.887,41,85,60
1770614439.3246303,86.50866,88.18342,4576.887,51,105,60
1770614439.3246448,86.50866,88.18342,4576.887,108,125,60
1770614439.3246589,86.50866,88.18342,4576.887,17,145,60
1770614439.324673,86.50866,88.18342,4576.887,39,25,90
1770614439.3246865,86.50866,88.18342,4576.887,40,45,90
1770614439.324701,86.50866,88.18342,4576.887,39,65,90
1770614439.3247154,86.50866,88.18342,4576.887,41,85,90
1770614439.3247294,86.50866,88.18342,4576.887,44,105,90
1770614439.3247435,86.50866,88.18342,4576.887,18,125,90
1770614439.3247576,86.50866,88.18342,4576.887,16,145,90
1770614439.3247714,86.50866,88.18342,4576.887,37,25,120
1770614439.3247855,86.50866,88.18342,4576.887,41,45,120
1770614439.324799,86.50866,88.18342,4576.887,38,65,120
1770614439.324813,86.50866,88.18342,4576.887,42,85,120
1770614439.3248267,86.50866,88.18342,4576.887,23,105,120
1770614439.3248408,86.50866,88.18342,4576.887,18,125,120
1770614439.3248549,86.50866,88.18342,4576.887,17,145,120
1770614445.5665069,87.37852,76.56242,4595.147,37,25,60
1770614445.5665362,87.37852,76.56242,4595.147,40,45,60
1770614445.5665512,87.37852,76.56242,4595.147,38,65,60
1770614445.566566,87.37852,76.56242,4595.147,38,85,60
1770614445.5665803,87.37852,76.56242,4595.147,165,105,60
1770614445.5665948,87.37852,76.56242,4595.147,182,125,60
1770614445.5666091,87.37852,76.56242,4595.147,200,145,60
1770614445.5666234,87.37852,76.56242,4595.147,37,25,90
1770614445.566637,87.37852,76.56242,4595.147,37,45,90
1770614445.566651,87.37852,76.56242,4595.147,37,65,90
1770614445.5666647,87.37852,76.56242,4595.147,38,85,90
1770614445.5666816,87.37852,76.56242,4595.147,39,105,90
1770614445.5666957,87.37852,76.56242,4595.147,45,125,90
1770614445.5667098,87.37852,76.56242,4595.147,18,145,90
1770614445.5667238,87.37852,76.56242,4595.147,36,25,120
1770614445.5667377,87.37852,76.56242,4595.147,38,45,120
1770614445.5667517,87.37852,76.56242,4595.147,37,65,120
1770614445.5667655,87.37852,76.56242,4595.147,38,85,120
1770614445.5667794,87.37852,76.56242,4595.147,38,105,120
1770614445.5667937,87.37852,76.56242,4595.147,44,125,120
1770614445.5668073,87.37852,76.56242,4595.147,19,145,120
1770614453.8467574,92.44349,8.896223,4595.147,35,25,60
1770614453.8467884,92.44349,8.896223,4595.147,38,45,60
1770614453.8468037,92.44349,8.896223,4595.147,35,65,60
1770614453.8468184,92.44349,8.896223,4595.147,36,85,60
1770614453.8468328,92.44349,8.896223,4595.147,36,105,60
1770614453.8468475,92.44349,8.896223,4595.147,163,125,60
1770614453.8468614,92.44349,8.896223,4595.147,200,145,60
1770614453.8468757,92.44349,8.896223,4595.147,34,25,90
1770614453.84689,92.44349,8.896223,4595.147,37,45,90
1770614453.8469043,92.44349,8.896223,4595.147,34,65,90
1770614453.8469179,92.44349,8.896223,4595.147,34,85,90
1770614453.8469317,92.44349,8.896223,4595.147,36,105,90
1770614453.846946,92.44349,8.896223,4595.147,42,125,90
1770614453.846966,92.44349,8.896223,4595.147,17,145,90
1770614453.8469806,92.44349,8.896223,4595.147,34,25,120
1770614453.8469946,92.44349,8.896223,4595.147,35,45,120
1770614453.8470087,92.44349,8.896223,4595.147,35,65,120
1770614453.847023,92.44349,8.896223,4595.147,35,85,120
1770614453.8470368,92.44349,8.896223,4595.147,37,105,120
1770614453.8470514,92.44349,8.896223,4595.147,22,125,120
1770614453.847065,92.44349,8.896223,4595.147,17,145,120
1770614459.3278775,92.44349,8.896223,4611.777,35,25,60
1770614459.3279088,92.44349,8.896223,4611.777,58,45,60
1770614459.3279254,92.44349,8.896223,4611.777,36,65,60
1770614459.3279405,92.44349,8.896223,4611.777,35,85,60
1770614459.32795,92.44349,8.896223,4611.777,36,105,60
1770614459.327964,92.44349,8.896223,4611.777,200,125,60
1770614459.327979,92.44349,8.896223,4611.777,168,145,60
1770614459.3279936,92.44349,8.896223,4611.777,34,25,90
1770614459.3280077,92.44349,8.896223,4611.777,57,45,90
1770614459.3280218,92.44349,8.896223,4611.777,34,65,90
1770614459.3280363,92.44349,8.896223,4611.777,33,85,90
1770614459.3280504,92.44349,8.896223,4611.777,34,105,90
1770614459.3280644,92.44349,8.896223,4611.777,37,125,90
1770614459.3280785,92.44349,8.896223,4611.777,20,145,90
1770614459.3280928,92.44349,8.896223,4611.777,34,25,120
1770614459.328107,92.44349,8.896223,4611.777,16,45,120
1770614459.3281212,92.44349,8.896223,4611.777,35,65,120
1770614459.328136,92.44349,8.896223,4611.777,34,85,120
1770614459.3281505,92.44349,8.896223,4611.777,35,105,120
1770614459.3281648,92.44349,8.896223,4611.777,36,125,120
1770614459.3281784,92.44349,8.896223,4611.777,22,145,120
1770614463.689032,92.44349,8.896223,4611.777,35,25,60
1770614463.6890657,92.44349,8.896223,4611.777,59,45,60
1770614463.6890829,92.44349,8.896223,4611.777,36,65,60
1770614463.6890986,92.44349,8.896223,4611.777,35,85,60
1770614463.6891131,92.44349,8.896223,4611.777,35,105,60
1770614463.6891284,92.44349,8.896223,4611.777,200,125,60
1770614463.689143,92.44349,8.896223,4611.777,200,145,60
1770614463.6891577,92.44349,8.896223,4611.777,33,25,90
1770614463.6891723,92.44349,8.896223,4611.777,58,45,90
1770614463.6891863,92.44349,8.896223,4611.777,34,65,90
1770614463.6892006,92.44349,8.896223,4611.777,33,85,90
1770614463.689215,92.44349,8.896223,4611.777,34,105,90
1770614463.6892285,92.44349,8.896223,4611.777,37,125,90
1770614463.6892428,92.44349,8.896223,4611.777,23,145,90
1770614463.6892571,92.44349,8.896223,4611.777,34,25,120
1770614463.689271,92.44349,8.896223,4611.777,19,45,120
1770614463.6892853,92.44349,8.896223,4611.777,34,65,120
1770614463.6893,92.44349,8.896223,4611.777,34,85,120
1770614463.689314,92.44349,8.896223,4611.777,35,105,120
1770614463.689328,92.44349,8.896223,4611.777,36,125,120
1770614463.6893415,92.44349,8.896223,4611.777,22,145,120
1770614468.5340292,92.44349,8.896223,4611.777,35,25,60
1770614468.5340621,92.44349,8.896223,4611.777,58,45,60
1770614468.5340781,92.44349,8.896223,4611.777,36,65,60
1770614468.5340931,92.44349,8.896223,4611.777,35,85,60
1770614468.5341077,92.44349,8.896223,4611.777,36,105,60
1770614468.5341227,92.44349,8.896223,4611.777,184,125,60
1770614468.5341375,92.44349,8.896223,4611.777,173,145,60
1770614468.5341525,92.44349,8.896223,4611.777,34,25,90
1770614468.534167,92.44349,8.896223,4611.777,58,45,90
1770614468.5341814,92.44349,8.896223,4611.777,34,65,90
1770614468.5341957,92.44349,8.896223,4611.777,33,85,90
1770614468.5342174,92.44349,8.896223,4611.777,34,105,90
1770614468.534232,92.44349,8.896223,4611.777,37,125,90
1770614468.5342455,92.44349,8.896223,4611.777,20,145,90
1770614468.5342598,92.44349,8.896223,4611.777,34,25,120
1770614468.5342736,92.44349,8.896223,4611.777,17,45,120
1770614468.5342877,92.44349,8.896223,4611.777,35,65,120
1770614468.534302,92.44349,8.896223,4611.777,34,85,120
1770614468.5343158,92.44349,8.896223,4611.777,35,105,120
1770614468.5343297,92.44349,8.896223,4611.777,36,125,120
1770614468.5343437,92.44349,8.896223,4611.777,22,145,120
1770614473.852641,92.44349,8.896223,4611.777,35,25,60
1770614473.8526728,92.44349,8.896223,4611.777,58,45,60
1770614473.8526895,92.44349,8.896223,4611.777,36,65,60
1770614473.852705,92.44349,8.896223,4611.777,35,85,60
1770614473.8527198,92.44349,8.896223,4611.777,36,105,60
1770614473.8527346,92.44349,8.896223,4611.777,200,125,60
1770614473.8527493,92.44349,8.896223,4611.777,200,145,60
1770614473.852764,92.44349,8.896223,4611.777,33,25,90
1770614473.8527787,92.44349,8.896223,4611.777,58,45,90
1770614473.8527935,92.44349,8.896223,4611.777,34,65,90
1770614473.8528104,92.44349,8.896223,4611.777,33,85,90
1770614473.8528304,92.44349,8.896223,4611.777,34,105,90
1770614473.8528445,92.44349,8.896223,4611.777,37,125,90
1770614473.8528583,92.44349,8.896223,4611.777,22,145,90
1770614473.8528721,92.44349,8.896223,4611.777,34,25,120
1770614473.8528862,92.44349,8.896223,4611.777,17,45,120
1770614473.8529003,92.44349,8.896223,4611.777,35,65,120
1770614473.852915,92.44349,8.896223,4611.777,34,85,120
1770614473.8529284,92.44349,8.896223,4611.777,35,105,120
1770614473.8529427,92.44349,8.896223,4611.777,36,125,120
1770614473.8529565,92.44349,8.896223,4611.777,22,145,120
1770614484.5377548,92.44349,8.896223,4611.777,35,25,60
1770614484.5377867,92.44349,8.896223,4611.777,58,45,60
1770614484.5378032,92.44349,8.896223,4611.777,36,65,60
1770614484.5378187,92.44349,8.896223,4611.777,35,85,60
1770614484.5378332,92.44349,8.896223,4611.777,36,105,60
1770614484.5378482,92.44349,8.896223,4611.777,183,125,60
1770614484.5378633,92.44349,8.896223,4611.777,135,145,60
1770614484.5378778,92.44349,8.896223,4611.777,34,25,90
1770614484.537892,92.44349,8.896223,4611.777,58,45,90
1770614484.5379066,92.44349,8.896223,4611.777,34,65,90
1770614484.537921,92.44349,8.896223,4611.777,33,85,90
1770614484.5379422,92.44349,8.896223,4611.777,34,105,90
1770614484.537957,92.44349,8.896223,4611.777,37,125,90
1770614484.5379708,92.44349,8.896223,4611.777,20,145,90
1770614484.537985,92.44349,8.896223,4611.777,34,25,120
1770614484.5379992,92.44349,8.896223,4611.777,16,45,120
1770614484.5380132,92.44349,8.896223,4611.777,35,65,120
1770614484.5380278,92.44349,8.896223,4611.777,34,85,120
1770614484.5380418,92.44349,8.896223,4611.777,35,105,120
1770614484.538056,92.44349,8.896223,4611.777,36,125,120
1770614484.53807,92.44349,8.896223,4611.777,22,145,120
1770614489.1291077,92.44349,8.896223,4611.777,35,25,60
1770614489.1291397,92.44349,8.896223,4611.777,59,45,60
1770614489.129156,92.44349,8.896223,4611.777,36,65,60
1770614489.1291716,92.44349,8.896223,4611.777,35,85,60
1770614489.1291866,92.44349,8.896223,4611.777,36,105,60
1770614489.1292012,92.44349,8.896223,4611.777,192,125,60
1770614489.129216,92.44349,8.896223,4611.777,200,145,60
1770614489.12923,92.44349,8.896223,4611.777,34,25,90
1770614489.1292453,92.44349,8.896223,4611.777,52,45,90
1770614489.1292746,92.44349,8.896223,4611.777,34,65,90
1770614489.1292884,92.44349,8.896223,4611.777,33,85,90
1770614489.1293027,92.44349,8.896223,4611.777,34,105,90
1770614489.129317,92.44349,8.896223,4611.777,37,125,90
1770614489.1293306,92.44349,8.896223,4611.777,20,145,90
1770614489.1293452,92.44349,8.896223,4611.777,35,25,120
1770614489.1293592,92.44349,8.896223,4611.777,17,45,120
1770614489.129373,92.44349,8.896223,4611.777,34,65,120
1770614489.1293874,92.44349,8.896223,4611.777,34,85,120
1770614489.1294012,92.44349,8.896223,4611.777,35,105,120
1770614489.1294155,92.44349,8.896223,4611.777,36,125,120
1770614489.1294298,92.44349,8.896223,4611.777,23,145,120
1770614493.818631,92.44349,8.896223,4611.777,35,25,60
1770614493.8186624,92.44349,8.896223,4611.777,58,45,60
1770614493.818679,92.44349,8.896223,4611.777,36,65,60
1770614493.8186936,92.44349,8.896223,4611.777,35,85,60
1770614493.8187084,92.44349,8.896223,4611.777,36,105,60
1770614493.8187237,92.44349,8.896223,4611.777,200,125,60
1770614493.8187482,92.44349,8.896223,4611.777,180,145,60
1770614493.8187647,92.44349,8.896223,4611.777,33,25,90
1770614493.818777,92.44349,8.896223,4611.777,57,45,90
1770614493.8187928,92.44349,8.896223,4611.777,35,65,90
1770614493.8188105,92.44349,8.896223,4611.777,33,85,90
1770614493.8188243,92.44349,8.896223,4611.777,34,105,90
1770614493.8188388,92.44349,8.896223,4611.777,37,125,90
1770614493.818853,92.44349,8.896223,4611.777,20,145,90
1770614493.8188667,92.44349,8.896223,4611.777,34,25,120
1770614493.818881,92.44349,8.896223,4611.777,20,45,120
1770614493.8188946,92.44349,8.896223,4611.777,35,65,120
1770614493.8189092,92.44349,8.896223,4611.777,34,85,120
1770614493.8189235,92.44349,8.896223,4611.777,35,105,120
1770614493.8189373,92.44349,8.896223,4611.777,37,125,120
1770614493.8189514,92.44349,8.896223,4611.777,22,145,120
1770614523.2329364,47.21246,4.280825,4683.637,68,25,60
1770614523.2329705,47.21246,4.280825,4683.637,58,45,60
1770614523.2329845,47.21246,4.280825,4683.637,44,65,60
1770614523.2329984,47.21246,4.280825,4683.637,85,85,60
1770614523.2330112,47.21246,4.280825,4683.637,86,105,60
1770614523.2330248,47.21246,4.280825,4683.637,58,125,60
1770614523.2330377,47.21246,4.280825,4683.637,58,145,60
1770614523.233051,47.21246,4.280825,4683.637,39,25,90
1770614523.2330642,47.21246,4.280825,4683.637,49,45,90
1770614523.2330773,47.21246,4.280825,4683.637,41,65,90
1770614523.2330894,47.21246,4.280825,4683.637,41,85,90
1770614523.2331023,47.21246,4.280825,4683.637,30,105,90
1770614523.233115,47.21246,4.280825,4683.637,30,125,90
1770614523.233129,47.21246,4.280825,4683.637,58,145,90
1770614523.2331414,47.21246,4.280825,4683.637,42,25,120
1770614523.233154,47.21246,4.280825,4683.637,52,45,120
1770614523.2331667,47.21246,4.280825,4683.637,44,65,120
1770614523.2331796,47.21246,4.280825,4683.637,31,85,120
1770614523.2331922,47.21246,4.280825,4683.637,30,105,120
1770614523.233205,47.21246,4.280825,4683.637,19,125,120
1770614523.2332177,47.21246,4.280825,4683.637,10,145,120
1770614528.844025,160.4928,9.729305,4683.637,82,25,60
1770614528.8440578,160.4928,9.729305,4683.637,52,45,60
1770614528.8440754,160.4928,9.729305,4683.637,83,65,60
1770614528.8440914,160.4928,9.729305,4683.637,82,85,60
1770614528.8441057,160.4928,9.729305,4683.637,84,105,60
1770614528.8441205,160.4928,9.729305,4683.637,78,125,60
1770614528.8441353,160.4928,9.729305,4683.637,58,145,60
1770614528.84415,160.4928,9.729305,4683.637,37,25,90
1770614528.844164,160.4928,9.729305,4683.637,37,45,90
1770614528.8441846,160.4928,9.729305,4683.637,37,65,90
1770614528.8442054,160.4928,9.729305,4683.637,37,85,90
1770614528.8442202,160.4928,9.729305,4683.637,30,105,90
1770614528.8442345,160.4928,9.729305,4683.637,30,125,90
1770614528.8442485,160.4928,9.729305,4683.637,16,145,90
1770614528.8442624,160.4928,9.729305,4683.637,39,25,120
1770614528.844277,160.4928,9.729305,4683.637,40,45,120
1770614528.8442907,160.4928,9.729305,4683.637,38,65,120
1770614528.8443055,160.4928,9.729305,4683.637,37,85,120
1770614528.8443196,160.4928,9.729305,4683.637,27,105,120
1770614528.8443334,160.4928,9.729305,4683.637,16,125,120
1770614528.8443475,160.4928,9.729305,4683.637,17,145,120
1770614540.8258693,109.2086,8.228166,4862.594,22,25,60
1770614540.8259006,109.2086,8.228166,4862.594,11,45,60
1770614540.8259168,109.2086,8.228166,4862.594,16,65,60
1770614540.8259313,109.2086,8.228166,4862.594,21,85,60
1770614540.8259456,109.2086,8.228166,4862.594,21,105,60
1770614540.8259597,109.2086,8.228166,4862.594,17,125,60
1770614540.8259742,109.2086,8.228166,4862.594,18,145,60
1770614540.8259885,109.2086,8.228166,4862.594,22,25,90
1770614540.8260021,109.2086,8.228166,4862.594,10,45,90
1770614540.8260167,109.2086,8.228166,4862.594,16,65,90
1770614540.8260307,109.2086,8.228166,4862.594,21,85,90
1770614540.8260446,109.2086,8.228166,4862.594,17,105,90
1770614540.8260581,109.2086,8.228166,4862.594,16,125,90
1770614540.8260717,109.2086,8.228166,4862.594,16,145,90
1770614540.826087,109.2086,8.228166,4862.594,22,25,120
1770614540.826101,109.2086,8.228166,4862.594,11,45,120
1770614540.8261151,109.2086,8.228166,4862.594,16,65,120
1770614540.8261294,109.2086,8.228166,4862.594,22,85,120
1770614540.8261435,109.2086,8.228166,4862.594,16,105,120
1770614540.8261578,109.2086,8.228166,4862.594,16,125,120
1770614540.8261716,109.2086,8.228166,4862.594,18,145,120
1770614545.9839115,42.40175,6.272654,4862.594,16,25,60
1770614545.9839458,42.40175,6.272654,4862.594,10,45,60
1770614545.9839604,42.40175,6.272654,4862.594,93,65,60
1770614545.9839733,42.40175,6.272654,4862.594,17,85,60
1770614545.983986,42.40175,6.272654,4862.594,17,105,60
1770614545.9840014,42.40175,6.272654,4862.594,15,125,60
1770614545.9840188,42.40175,6.272654,4862.594,91,145,60
1770614545.9840333,42.40175,6.272654,4862.594,18,25,90
1770614545.9840472,42.40175,6.272654,4862.594,7,45,90
1770614545.9840615,42.40175,6.272654,4862.594,19,65,90
1770614545.9840753,42.40175,6.272654,4862.594,15,85,90
1770614545.9840891,42.40175,6.272654,4862.594,13,105,90
1770614545.984103,42.40175,6.272654,4862.594,12,125,90
1770614545.9841166,42.40175,6.272654,4862.594,13,145,90
1770614545.9841309,42.40175,6.272654,4862.594,18,25,120
1770614545.9841452,42.40175,6.272654,4862.594,9,45,120
1770614545.9841623,42.40175,6.272654,4862.594,16,65,120
1770614545.9841762,42.40175,6.272654,4862.594,16,85,120
1770614545.9841902,42.40175,6.272654,4862.594,14,105,120
1770614545.9842038,42.40175,6.272654,4862.594,14,125,120
1770614545.984218,42.40175,6.272654,4862.594,14,145,120
1770614553.9877076,49.70145,5.4672,5034.653,70,25,60
1770614553.9877374,49.70145,5.4672,5034.653,31,45,60
1770614553.9877534,49.70145,5.4672,5034.653,38,65,60
1770614553.9877687,49.70145,5.4672,5034.653,55,85,60
1770614553.9877827,49.70145,5.4672,5034.653,57,105,60
1770614553.9877973,49.70145,5.4672,5034.653,58,125,60
1770614553.987811,49.70145,5.4672,5034.653,9,145,60
1770614553.9878356,49.70145,5.4672,5034.653,34,25,90
1770614553.987847,49.70145,5.4672,5034.653,30,45,90
1770614553.9878604,49.70145,5.4672,5034.653,36,65,90
1770614553.9878726,49.70145,5.4672,5034.653,34,85,90
1770614553.9878833,49.70145,5.4672,5034.653,44,105,90
1770614553.9878943,49.70145,5.4672,5034.653,8,125,90
1770614553.9879065,49.70145,5.4672,5034.653,7,145,90
1770614553.9879193,49.70145,5.4672,5034.653,39,25,120
1770614553.9879332,49.70145,5.4672,5034.653,40,45,120
1770614553.987947,49.70145,5.4672,5034.653,40,65,120
1770614553.9879608,49.70145,5.4672,5034.653,44,85,120
1770614553.9879746,49.70145,5.4672,5034.653,42,105,120
1770614553.9879885,49.70145,5.4672,5034.653,9,125,120
1770614553.9880023,49.70145,5.4672,5034.653,8,145,120
1770614558.7826195,105.2476,-0.661798,5034.653,70,25,60
1770614558.78265,105.2476,-0.661798,5034.653,30,45,60
1770614558.7826657,105.2476,-0.661798,5034.653,69,65,60
1770614558.78268,105.2476,-0.661798,5034.653,58,85,60
1770614558.782694,105.2476,-0.661798,5034.653,58,105,60
1770614558.7827086,105.2476,-0.661798,5034.653,58,125,60
1770614558.7827232,105.2476,-0.661798,5034.653,8,145,60
1770614558.7827373,105.2476,-0.661798,5034.653,30,25,90
1770614558.782751,105.2476,-0.661798,5034.653,30,45,90
1770614558.782765,105.2476,-0.661798,5034.653,30,65,90
1770614558.7827787,105.2476,-0.661798,5034.653,33,85,90
1770614558.7827923,105.2476,-0.661798,5034.653,48,105,90
1770614558.7828574,105.2476,-0.661798,5034.653,8,125,90
1770614558.782874,105.2476,-0.661798,5034.653,5,145,90
1770614558.782888,105.2476,-0.661798,5034.653,35,25,120
1770614558.7829018,105.2476,-0.661798,5034.653,37,45,120
1770614558.782916,105.2476,-0.661798,5034.653,31,65,120
1770614558.7829304,105.2476,-0.661798,5034.653,41,85,120
1770614558.7829444,105.2476,-0.661798,5034.653,44,105,120
1770614558.7829585,105.2476,-0.661798,5034.653,7,125,120
1770614558.7829726,105.2476,-0.661798,5034.653,7,145,120
1770614570.6532073,49.50674,6.720255,5213.439,74,25,60
1770614570.6532378,49.50674,6.720255,5213.439,37,45,60
1770614570.6532545,49.50674,6.720255,5213.439,64,65,60
1770614570.6532698,49.50674,6.720255,5213.439,59,85,60
1770614570.653284,49.50674,6.720255,5213.439,61,105,60
1770614570.6532981,49.50674,6.720255,5213.439,58,125,60
1770614570.6533127,49.50674,6.720255,5213.439,55,145,60
1770614570.6533265,49.50674,6.720255,5213.439,17,25,90
1770614570.6533403,49.50674,6.720255,5213.439,16,45,90
1770614570.6533546,49.50674,6.720255,5213.439,16,65,90
1770614570.6533685,49.50674,6.720255,5213.439,18,85,90
1770614570.6533823,49.50674,6.720255,5213.439,17,105,90
1770614570.653396,49.50674,6.720255,5213.439,17,125,90
1770614570.6534097,49.50674,6.720255,5213.439,38,145,90
1770614570.6534235,49.50674,6.720255,5213.439,18,25,120
1770614570.6534379,49.50674,6.720255,5213.439,18,45,120
1770614570.653452,49.50674,6.720255,5213.439,16,65,120
1770614570.6534655,49.50674,6.720255,5213.439,21,85,120
1770614570.6534984,49.50674,6.720255,5213.439,22,105,120
1770614570.6535158,49.50674,6.720255,5213.439,16,125,120
1770614570.6535304,49.50674,6.720255,5213.439,39,145,120
1770614579.1442578,55.62697,4.982136,5385.162,50,25,60
1770614579.144284,55.62697,4.982136,5385.162,46,45,60
1770614579.1442986,55.62697,4.982136,5385.162,50,65,60
1770614579.1443126,55.62697,4.982136,5385.162,150,85,60
1770614579.1443276,55.62697,4.982136,5385.162,16,105,60
1770614579.1443403,55.62697,4.982136,5385.162,16,125,60
1770614579.144353,55.62697,4.982136,5385.162,16,145,60
1770614579.1443658,55.62697,4.982136,5385.162,16,25,90
1770614579.1443782,55.62697,4.982136,5385.162,46,45,90
1770614579.1443906,55.62697,4.982136,5385.162,47,65,90
1770614579.1444032,55.62697,4.982136,5385.162,17,85,90
1770614579.1444159,55.62697,4.982136,5385.162,15,105,90
1770614579.144428,55.62697,4.982136,5385.162,14,125,90
1770614579.1444404,55.62697,4.982136,5385.162,15,145,90
1770614579.1444528,55.62697,4.982136,5385.162,17,25,120
1770614579.1444652,55.62697,4.982136,5385.162,46,45,120
1770614579.1444774,55.62697,4.982136,5385.162,46,65,120
1770614579.1444902,55.62697,4.982136,5385.162,18,85,120
1770614579.1445026,55.62697,4.982136,5385.162,16,105,120
1770614579.1445134,55.62697,4.982136,5385.162,15,125,120
1770614579.1445239,55.62697,4.982136,5385.162,16,145,120
1770614584.9293976,55.62697,4.982136,5402.742,50,25,60
1770614584.9294271,55.62697,4.982136,5402.742,44,45,60
1770614584.9294424,55.62697,4.982136,5402.742,47,65,60
1770614584.9294567,55.62697,4.982136,5402.742,51,85,60
1770614584.9294708,55.62697,4.982136,5402.742,200,105,60
1770614584.9294858,55.62697,4.982136,5402.742,16,125,60
1770614584.9294999,55.62697,4.982136,5402.742,17,145,60
1770614584.929514,55.62697,4.982136,5402.742,44,25,90
1770614584.9295278,55.62697,4.982136,5402.742,43,45,90
1770614584.9295418,55.62697,4.982136,5402.742,44,65,90
1770614584.9295557,55.62697,4.982136,5402.742,50,85,90
1770614584.9295697,55.62697,4.982136,5402.742,16,105,90
1770614584.9295835,55.62697,4.982136,5402.742,15,125,90
1770614584.9295976,55.62697,4.982136,5402.742,15,145,90
1770614584.9296114,55.62697,4.982136,5402.742,45,25,120
1770614584.9296253,55.62697,4.982136,5402.742,44,45,120
1770614584.9296389,55.62697,4.982136,5402.742,46,65,120
1770614584.929653,55.62697,4.982136,5402.742,48,85,120
1770614584.9296668,55.62697,4.982136,5402.742,19,105,120
1770614584.9296808,55.62697,4.982136,5402.742,17,125,120
1770614584.9296947,55.62697,4.982136,5402.742,16,145,120
1770614600.6080673,20.53263,43.96622,5533.038,65,25,60
1770614600.6081257,20.53263,43.96622,5533.038,66,45,60
1770614600.6081424,20.53263,43.96622,5533.038,89,65,60
1770614600.6081574,20.53263,43.96622,5533.038,72,85,60
1770614600.6081717,20.53263,43.96622,5533.038,69,105,60
1770614600.6081865,20.53263,43.96622,5533.038,18,125,60
1770614600.608204,20.53263,43.96622,5533.038,18,145,60
1770614600.6082203,20.53263,43.96622,5533.038,16,25,90
1770614600.608239,20.53263,43.96622,5533.038,21,45,90
1770614600.6082547,20.53263,43.96622,5533.038,15,65,90
1770614600.6082685,20.53263,43.96622,5533.038,28,85,90
1770614600.6082826,20.53263,43.96622,5533.038,17,105,90
1770614600.608297,20.53263,43.96622,5533.038,16,125,90
1770614600.6083114,20.53263,43.96622,5533.038,16,145,90
1770614600.6083257,20.53263,43.96622,5533.038,25,25,120
1770614600.6083403,20.53263,43.96622,5533.038,21,45,120
1770614600.608354,20.53263,43.96622,5533.038,26,65,120
1770614600.6083684,20.53263,43.96622,5533.038,22,85,120
1770614600.608383,20.53263,43.96622,5533.038,21,105,120
1770614600.6083972,20.53263,43.96622,5533.038,17,125,120
1770614600.6084116,20.53263,43.96622,5533.038,17,145,120
1770614619.2345173,31.53182,30.69346,5710.726,89,25,60
1770614619.2345467,31.53182,30.69346,5710.726,52,45,60
1770614619.2345622,31.53182,30.69346,5710.726,88,65,60
1770614619.2345765,31.53182,30.69346,5710.726,88,85,60
1770614619.2345908,31.53182,30.69346,5710.726,90,105,60
1770614619.2346053,31.53182,30.69346,5710.726,43,125,60
1770614619.2346194,31.53182,30.69346,5710.726,56,145,60
1770614619.2346332,31.53182,30.69346,5710.726,39,25,90
1770614619.2346473,31.53182,30.69346,5710.726,36,45,90
1770614619.234661,31.53182,30.69346,5710.726,44,65,90
1770614619.234678,31.53182,30.69346,5710.726,39,85,90
1770614619.2346919,31.53182,30.69346,5710.726,27,105,90
1770614619.234706,31.53182,30.69346,5710.726,200,125,90
1770614619.2347195,31.53182,30.69346,5710.726,16,145,90
1770614619.2347336,31.53182,30.69346,5710.726,31,25,120
1770614619.2347474,31.53182,30.69346,5710.726,35,45,120
1770614619.2347615,31.53182,30.69346,5710.726,37,65,120
1770614619.2347753,31.53182,30.69346,5710.726,30,85,120
1770614619.2347894,31.53182,30.69346,5710.726,29,105,120
1770614619.2348034,31.53182,30.69346,5710.726,21,125,120
1770614619.2348173,31.53182,30.69346,5710.726,18,145,120
1770614624.1603405,146.0064,-107.4435,5710.726,87,25,60
1770614624.16037,146.0064,-107.4435,5710.726,58,45,60
1770614624.1603858,146.0064,-107.4435,5710.726,90,65,60
1770614624.1604002,146.0064,-107.4435,5710.726,88,85,60
1770614624.1604142,146.0064,-107.4435,5710.726,89,105,60
1770614624.1604288,146.0064,-107.4435,5710.726,59,125,60
1770614624.1604428,146.0064,-107.4435,5710.726,59,145,60
1770614624.160457,146.0064,-107.4435,5710.726,36,25,90
1770614624.160471,146.0064,-107.4435,5710.726,42,45,90
1770614624.160485,146.0064,-107.4435,5710.726,35,65,90
1770614624.1605012,146.0064,-107.4435,5710.726,27,85,90
1770614624.160514,146.0064,-107.4435,5710.726,27,105,90
1770614624.1605258,146.0064,-107.4435,5710.726,37,125,90
1770614624.1605403,146.0064,-107.4435,5710.726,18,145,90
1770614624.1605546,146.0064,-107.4435,5710.726,38,25,120
1770614624.1605687,146.0064,-107.4435,5710.726,34,45,120
1770614624.1605833,146.0064,-107.4435,5710.726,35,65,120
1770614624.1605976,146.0064,-107.4435,5710.726,26,85,120
1770614624.1606114,146.0064,-107.4435,5710.726,30,105,120
1770614624.1606257,146.0064,-107.4435,5710.726,16,125,120
1770614624.1606398,146.0064,-107.4435,5710.726,16,145,120
1770614634.6291375,122.8235,-78.18194,5889.5,200,25,60
1770614634.6291661,122.8235,-78.18194,5889.5,110,45,60
1770614634.6291795,122.8235,-78.18194,5889.5,200,65,60
1770614634.629196,122.8235,-78.18194,5889.5,16,85,60
1770614634.629207,122.8235,-78.18194,5889.5,15,105,60
1770614634.629217,122.8235,-78.18194,5889.5,16,125,60
1770614634.629267,122.8235,-78.18194,5889.5,200,145,60
1770614634.6292846,122.8235,-78.18194,5889.5,13,25,90
1770614634.6292963,122.8235,-78.18194,5889.5,26,45,90
1770614634.6293094,122.8235,-78.18194,5889.5,16,65,90
1770614634.6293292,122.8235,-78.18194,5889.5,13,85,90
1770614634.6293452,122.8235,-78.18194,5889.5,12,105,90
1770614634.6293597,122.8235,-78.18194,5889.5,12,125,90
1770614634.6293736,122.8235,-78.18194,5889.5,16,145,90
1770614634.6293876,122.8235,-78.18194,5889.5,17,25,120
1770614634.6294012,122.8235,-78.18194,5889.5,28,45,120
1770614634.6294153,122.8235,-78.18194,5889.5,19,65,120
1770614634.629429,122.8235,-78.18194,5889.5,13,85,120
1770614634.6294434,122.8235,-78.18194,5889.5,14,105,120
1770614634.6294575,122.8235,-78.18194,5889.5,13,125,120
1770614634.6294715,122.8235,-78.18194,5889.5,17,145,120
1770614639.8077605,86.10159,-31.83123,5889.5,172,25,60
1770614639.8077924,86.10159,-31.83123,5889.5,30,45,60
1770614639.8078094,86.10159,-31.83123,5889.5,60,65,60
1770614639.807825,86.10159,-31.83123,5889.5,200,85,60
1770614639.8078394,86.10159,-31.83123,5889.5,10,105,60
1770614639.8078547,86.10159,-31.83123,5889.5,143,125,60
1770614639.807869,86.10159,-31.83123,5889.5,68,145,60
1770614639.807883,86.10159,-31.83123,5889.5,12,25,90
1770614639.807897,86.10159,-31.83123,5889.5,27,45,90
1770614639.8079107,86.10159,-31.83123,5889.5,29,65,90
1770614639.8079247,86.10159,-31.83123,5889.5,9,85,90
1770614639.8079388,86.10159,-31.83123,5889.5,8,105,90
1770614639.807953,86.10159,-31.83123,5889.5,9,125,90
1770614639.8079662,86.10159,-31.83123,5889.5,66,145,90
1770614639.8079803,86.10159,-31.83123,5889.5,13,25,120
1770614639.8079948,86.10159,-31.83123,5889.5,29,45,120
1770614639.8080087,86.10159,-31.83123,5889.5,30,65,120
1770614639.8080232,86.10159,-31.83123,5889.5,10,85,120
1770614639.8080373,86.10159,-31.83123,5889.5,9,105,120
1770614639.8080513,86.10159,-31.83123,5889.5,10,125,120
1770614639.8080657,86.10159,-31.83123,5889.5,31,145,120
1770614649.9434657,40.67818,25.50253,5889.5,200,25,60
1770614649.9434955,40.67818,25.50253,5889.5,200,45,60
1770614649.9435108,40.67818,25.50253,5889.5,200,65,60
1770614649.943525,40.67818,25.50253,5889.5,200,85,60
1770614649.9435387,40.67818,25.50253,5889.5,151,105,60
1770614649.9435527,40.67818,25.50253,5889.5,142,125,60
1770614649.9435668,40.67818,25.50253,5889.5,146,145,60
1770614649.9435804,40.67818,25.50253,5889.5,50,25,90
1770614649.943594,40.67818,25.50253,5889.5,21,45,90
1770614649.9436078,40.67818,25.50253,5889.5,4,65,90
1770614649.9436214,40.67818,25.50253,5889.5,3,85,90
1770614649.943635,40.67818,25.50253,5889.5,200,105,90
1770614649.9436483,40.67818,25.50253,5889.5,9,125,90
1770614649.9436622,40.67818,25.50253,5889.5,2,145,90
1770614649.9436753,40.67818,25.50253,5889.5,36,25,120
1770614649.943689,40.67818,25.50253,5889.5,27,45,120
1770614649.9437025,40.67818,25.50253,5889.5,6,65,120
1770614649.9437163,40.67818,25.50253,5889.5,5,85,120
1770614649.94373,40.67818,25.50253,5889.5,5,105,120
1770614649.9437435,40.67818,25.50253,5889.5,9,125,120
1770614649.9437573,40.67818,25.50253,5889.5,48,145,120
1770614655.8039525,40.67818,25.50253,5933.928,132,25,60
1770614655.8039827,40.67818,25.50253,5933.928,20,45,60
1770614655.8039987,40.67818,25.50253,5933.928,22,65,60
1770614655.8040133,40.67818,25.50253,5933.928,152,85,60
1770614655.8040276,40.67818,25.50253,5933.928,8,105,60
1770614655.8040416,40.67818,25.50253,5933.928,6,125,60
1770614655.8040555,40.67818,25.50253,5933.928,127,145,60
1770614655.8040693,40.67818,25.50253,5933.928,7,25,90
1770614655.8040838,40.67818,25.50253,5933.928,20,45,90
1770614655.804098,40.67818,25.50253,5933.928,21,65,90
1770614655.804112,40.67818,25.50253,5933.928,7,85,90
1770614655.804125,40.67818,25.50253,5933.928,5,105,90
1770614655.8041387,40.67818,25.50253,5933.928,5,125,90
1770614655.8041527,40.67818,25.50253,5933.928,6,145,90
1770614655.8041663,40.67818,25.50253,5933.928,17,25,120
1770614655.8041804,40.67818,25.50253,5933.928,20,45,120
1770614655.8041945,40.67818,25.50253,5933.928,23,65,120
1770614655.8042083,40.67818,25.50253,5933.928,12,85,120
1770614655.804222,40.67818,25.50253,5933.928,6,105,120
1770614655.804236,40.67818,25.50253,5933.928,5,125,120
1770614655.804255,40.67818,25.50253,5933.928,9,145,120
1770614660.3324652,40.67818,25.50253,5933.928,143,25,60
1770614660.332496,40.67818,25.50253,5933.928,20,45,60
1770614660.3325098,40.67818,25.50253,5933.928,22,65,60
1770614660.332522,40.67818,25.50253,5933.928,157,85,60
1770614660.332533,40.67818,25.50253,5933.928,8,105,60
1770614660.332546,40.67818,25.50253,5933.928,6,125,60
1770614660.3325582,40.67818,25.50253,5933.928,115,145,60
1770614660.3325708,40.67818,25.50253,5933.928,38,25,90
1770614660.3325825,40.67818,25.50253,5933.928,19,45,90
1770614660.332594,40.67818,25.50253,5933.928,21,65,90
1770614660.332605,40.67818,25.50253,5933.928,7,85,90
1770614660.3326163,40.67818,25.50253,5933.928,5,105,90
1770614660.3326283,40.67818,25.50253,5933.928,5,125,90
1770614660.3326411,40.67818,25.50253,5933.928,6,145,90
1770614660.3326533,40.67818,25.50253,5933.928,37,25,120
1770614660.3326654,40.67818,25.50253,5933.928,20,45,120
1770614660.3326776,40.67818,25.50253,5933.928,23,65,120
1770614660.3326902,40.67818,25.50253,5933.928,12,85,120
1770614660.3327029,40.67818,25.50253,5933.928,6,105,120
1770614660.332714,40.67818,25.50253,5933.928,5,125,120
1770614660.3327262,40.67818,25.50253,5933.928,9,145,120
1770614928.8113494,12.76275,0,0,200,25,60
1770614928.811381,12.76275,0,0,200,45,60
1770614928.8113942,12.76275,0,0,200,65,60
1770614928.811407,12.76275,0,0,200,85,60
1770614928.8114195,12.76275,0,0,200,105,60
1770614928.8114316,12.76275,0,0,200,125,60
1770614928.811463,12.76275,0,0,200,145,60
1770614928.811477,12.76275,0,0,200,25,90
1770614928.8114865,12.76275,0,0,200,45,90
1770614928.8114984,12.76275,0,0,200,65,90
1770614928.8115098,12.76275,0,0,200,85,90
1770614928.811521,12.76275,0,0,200,105,90
1770614928.8115318,12.76275,0,0,200,125,90
1770614928.811543,12.76275,0,0,200,145,90
1770614928.811554,12.76275,0,0,200,25,120
1770614928.8115654,12.76275,0,0,200,45,120
1770614928.8115764,12.76275,0,0,200,65,120
1770614928.8115876,12.76275,0,0,200,85,120
1770614928.8115985,12.76275,0,0,200,105,120
1770614928.8116097,12.76275,0,0,200,125,120
1770614928.8116212,12.76275,0,0,200,145,120
1770614938.2058637,11.76541,36.15799,91.59727,200,25,60
1770614938.2058954,11.76541,36.15799,91.59727,200,45,60
1770614938.205911,11.76541,36.15799,91.59727,200,65,60
1770614938.205926,11.76541,36.15799,91.59727,200,85,60
1770614938.2059405,11.76541,36.15799,91.59727,200,105,60
1770614938.205955,11.76541,36.15799,91.59727,200,125,60
1770614938.205969,11.76541,36.15799,91.59727,200,145,60
1770614938.205983,11.76541,36.15799,91.59727,200,25,90
1770614938.206,11.76541,36.15799,91.59727,200,45,90
1770614938.2060144,11.76541,36.15799,91.59727,200,65,90
1770614938.2060287,11.76541,36.15799,91.59727,200,85,90
1770614938.2060425,11.76541,36.15799,91.59727,200,105,90
1770614938.2060566,11.76541,36.15799,91.59727,200,125,90
1770614938.206071,11.76541,36.15799,91.59727,200,145,90
1770614938.206085,11.76541,36.15799,91.59727,200,25,120
1770614938.2060995,11.76541,36.15799,91.59727,200,45,120
1770614938.2061136,11.76541,36.15799,91.59727,200,65,120
1770614938.2061281,11.76541,36.15799,91.59727,200,85,120
1770614938.2061422,11.76541,36.15799,91.59727,200,105,120
1770614938.2061567,11.76541,36.15799,91.59727,200,125,120
1770614938.2061708,11.76541,36.15799,91.59727,200,145,120
1770614945.808667,9.247609,127.4388,91.59727,200,25,60
1770614945.8086941,9.247609,127.4388,91.59727,200,45,60
1770614945.808707,9.247609,127.4388,91.59727,200,65,60
1770614945.8087192,9.247609,127.4388,91.59727,200,85,60
1770614945.8087296,9.247609,127.4388,91.59727,200,105,60
1770614945.8087406,9.247609,127.4388,91.59727,200,125,60
1770614945.8087516,9.247609,127.4388,91.59727,200,145,60
1770614945.808762,9.247609,127.4388,91.59727,200,25,90
1770614945.808772,9.247609,127.4388,91.59727,200,45,90
1770614945.8087862,9.247609,127.4388,91.59727,200,65,90
1770614945.8087971,9.247609,127.4388,91.59727,200,85,90
1770614945.8088074,9.247609,127.4388,91.59727,200,105,90
1770614945.8088198,9.247609,127.4388,91.59727,200,125,90
1770614945.80883,9.247609,127.4388,91.59727,200,145,90
1770614945.8088403,9.247609,127.4388,91.59727,200,25,120
1770614945.8088515,9.247609,127.4388,91.59727,200,45,120
1770614945.8088627,9.247609,127.4388,91.59727,200,65,120
1770614945.8088746,9.247609,127.4388,91.59727,200,85,120
1770614945.808886,9.247609,127.4388,91.59727,200,105,120
1770614945.8088965,9.247609,127.4388,91.59727,200,125,120
1770614945.8089087,9.247609,127.4388,91.59727,200,145,120
1770614956.5099268,10.21801,89.50719,271.5167,200,25,60
1770614956.5099556,10.21801,89.50719,271.5167,200,45,60
1770614956.5099707,10.21801,89.50719,271.5167,200,65,60
1770614956.5099854,10.21801,89.50719,271.5167,200,85,60
1770614956.51,10.21801,89.50719,271.5167,200,105,60
1770614956.510013,10.21801,89.50719,271.5167,200,125,60
1770614956.510027,10.21801,89.50719,271.5167,200,145,60
1770614956.510041,10.21801,89.50719,271.5167,200,25,90
1770614956.5100548,10.21801,89.50719,271.5167,200,45,90
1770614956.510069,10.21801,89.50719,271.5167,200,65,90
1770614956.5100827,10.21801,89.50719,271.5167,200,85,90
1770614956.5100965,10.21801,89.50719,271.5167,200,105,90
1770614956.5101104,10.21801,89.50719,271.5167,200,125,90
1770614956.5101242,10.21801,89.50719,271.5167,200,145,90
1770614956.510138,10.21801,89.50719,271.5167,200,25,120
1770614956.510152,10.21801,89.50719,271.5167,200,45,120
1770614956.510166,10.21801,89.50719,271.5167,200,65,120
1770614956.5101798,10.21801,89.50719,271.5167,200,85,120
1770614956.5101936,10.21801,89.50719,271.5167,200,105,120
1770614956.5102084,10.21801,89.50719,271.5167,200,125,120
1770614956.5102224,10.21801,89.50719,271.5167,200,145,120
1770614967.9790576,9.375572,128.7681,451.3144,200,25,60
1770614967.979086,9.375572,128.7681,451.3144,200,45,60
1770614967.9791002,9.375572,128.7681,451.3144,200,65,60
1770614967.9791136,9.375572,128.7681,451.3144,200,85,60
1770614967.979126,9.375572,128.7681,451.3144,200,105,60
1770614967.9791386,9.375572,128.7681,451.3144,200,125,60
1770614967.979151,9.375572,128.7681,451.3144,200,145,60
1770614967.9791632,9.375572,128.7681,451.3144,200,25,90
1770614967.979175,9.375572,128.7681,451.3144,200,45,90
1770614967.9791873,9.375572,128.7681,451.3144,200,65,90
1770614967.9792,9.375572,128.7681,451.3144,200,85,90
1770614967.9792116,9.375572,128.7681,451.3144,200,105,90
1770614967.9792233,9.375572,128.7681,451.3144,200,125,90
1770614967.9792354,9.375572,128.7681,451.3144,200,145,90
1770614967.979247,9.375572,128.7681,451.3144,200,25,120
1770614967.9792593,9.375572,128.7681,451.3144,200,45,120
1770614967.9792712,9.375572,128.7681,451.3144,200,65,120
1770614967.9792836,9.375572,128.7681,451.3144,200,85,120
1770614967.9792955,9.375572,128.7681,451.3144,200,105,120
1770614967.9793081,9.375572,128.7681,451.3144,200,125,120
1770614967.9793205,9.375572,128.7681,451.3144,200,145,120
1770614979.20369,10.06072,92.5518,631.2029,200,25,60
1770614979.2037215,10.06072,92.5518,631.2029,200,45,60
1770614979.2037385,10.06072,92.5518,631.2029,200,65,60
1770614979.2037532,10.06072,92.5518,631.2029,200,85,60
1770614979.2037678,10.06072,92.5518,631.2029,200,105,60
1770614979.2037823,10.06072,92.5518,631.2029,200,125,60
1770614979.2037976,10.06072,92.5518,631.2029,200,145,60
1770614979.203812,10.06072,92.5518,631.2029,200,25,90
1770614979.203826,10.06072,92.5518,631.2029,200,45,90
1770614979.2038405,10.06072,92.5518,631.2029,200,65,90
1770614979.2038546,10.06072,92.5518,631.2029,200,85,90
1770614979.2038724,10.06072,92.5518,631.2029,200,105,90
1770614979.2038867,10.06072,92.5518,631.2029,200,125,90
1770614979.2039008,10.06072,92.5518,631.2029,200,145,90
1770614979.203915,10.06072,92.5518,631.2029,200,25,120
1770614979.2039297,10.06072,92.5518,631.2029,200,45,120
1770614979.2039437,10.06072,92.5518,631.2029,200,65,120
1770614979.203958,10.06072,92.5518,631.2029,200,85,120
1770614979.203972,10.06072,92.5518,631.2029,200,105,120
1770614979.2039862,10.06072,92.5518,631.2029,200,125,120
1770614979.204,10.06072,92.5518,631.2029,200,145,120
1770614990.6425812,9.777929,134.5876,810.5383,200,25,60
1770614990.6426115,9.777929,134.5876,810.5383,200,45,60
1770614990.6426268,9.777929,134.5876,810.5383,200,65,60
1770614990.6426418,9.777929,134.5876,810.5383,200,85,60
1770614990.6426558,9.777929,134.5876,810.5383,200,105,60
1770614990.6426697,9.777929,134.5876,810.5383,200,125,60
1770614990.642684,9.777929,134.5876,810.5383,200,145,60
1770614990.6426976,9.777929,134.5876,810.5383,200,25,90
1770614990.6427116,9.777929,134.5876,810.5383,200,45,90
1770614990.6427255,9.777929,134.5876,810.5383,200,65,90
1770614990.6427395,9.777929,134.5876,810.5383,200,85,90
1770614990.6427538,9.777929,134.5876,810.5383,200,105,90
1770614990.6427677,9.777929,134.5876,810.5383,200,125,90
1770614990.6427817,9.777929,134.5876,810.5383,200,145,90
1770614990.6427953,9.777929,134.5876,810.5383,200,25,120
1770614990.6428092,9.777929,134.5876,810.5383,200,45,120
1770614990.6428232,9.777929,134.5876,810.5383,200,65,120
1770614990.6428373,9.777929,134.5876,810.5383,200,85,120
1770614990.6428514,9.777929,134.5876,810.5383,200,105,120
1770614990.6428654,9.777929,134.5876,810.5383,200,125,120
1770614990.6428792,9.777929,134.5876,810.5383,200,145,120
1770615002.3254545,9.909307,90.81699,990.3588,200,25,60
1770615002.3254876,9.909307,90.81699,990.3588,200,45,60
1770615002.3255033,9.909307,90.81699,990.3588,200,65,60
1770615002.3255186,9.909307,90.81699,990.3588,200,85,60
1770615002.3255332,9.909307,90.81699,990.3588,200,105,60
1770615002.3255477,9.909307,90.81699,990.3588,200,125,60
1770615002.325562,9.909307,90.81699,990.3588,200,145,60
1770615002.3255765,9.909307,90.81699,990.3588,200,25,90
1770615002.3255908,9.909307,90.81699,990.3588,200,45,90
1770615002.3256054,9.909307,90.81699,990.3588,200,65,90
1770615002.3256195,9.909307,90.81699,990.3588,200,85,90
1770615002.3256338,9.909307,90.81699,990.3588,200,105,90
1770615002.325648,9.909307,90.81699,990.3588,200,125,90
1770615002.3256617,9.909307,90.81699,990.3588,200,145,90
1770615002.3256762,9.909307,90.81699,990.3588,200,25,120
1770615002.3256905,9.909307,90.81699,990.3588,200,45,120
1770615002.325705,9.909307,90.81699,990.3588,200,65,120
1770615002.3257189,9.909307,90.81699,990.3588,200,85,120
1770615002.3257332,9.909307,90.81699,990.3588,200,105,120
1770615002.3257477,9.909307,90.81699,990.3588,200,125,120
1770615002.325762,9.909307,90.81699,990.3588,200,145,120
1770615013.7799444,10.451,127.0357,1169.364,200,25,60
1770615013.7799752,10.451,127.0357,1169.364,200,45,60
1770615013.7799911,10.451,127.0357,1169.364,200,65,60
1770615013.7800055,10.451,127.0357,1169.364,200,85,60
1770615013.78002,10.451,127.0357,1169.364,200,105,60
1770615013.7800333,10.451,127.0357,1169.364,200,125,60
1770615013.7800474,10.451,127.0357,1169.364,200,145,60
1770615013.7800612,10.451,127.0357,1169.364,200,25,90
1770615013.780075,10.451,127.0357,1169.364,200,45,90
1770615013.7800891,10.451,127.0357,1169.364,200,65,90
1770615013.7801058,10.451,127.0357,1169.364,200,85,90
1770615013.7801168,10.451,127.0357,1169.364,200,105,90
1770615013.7801268,10.451,127.0357,1169.364,200,125,90
1770615013.7801375,10.451,127.0357,1169.364,200,145,90
1770615013.7801478,10.451,127.0357,1169.364,200,25,120
1770615013.780158,10.451,127.0357,1169.364,200,45,120
1770615013.780169,10.451,127.0357,1169.364,200,65,120
1770615013.7801802,10.451,127.0357,1169.364,200,85,120
1770615013.7801936,10.451,127.0357,1169.364,200,105,120
1770615013.7802076,10.451,127.0357,1169.364,200,125,120
1770615013.7802212,10.451,127.0357,1169.364,200,145,120
1770615025.0093007,9.67534,89.21443,1349.08,200,25,60
1770615025.0093353,9.67534,89.21443,1349.08,200,45,60
1770615025.0093513,9.67534,89.21443,1349.08,200,65,60
1770615025.0093656,9.67534,89.21443,1349.08,200,85,60
1770615025.0093796,9.67534,89.21443,1349.08,200,105,60
1770615025.0093946,9.67534,89.21443,1349.08,200,125,60
1770615025.009409,9.67534,89.21443,1349.08,200,145,60
1770615025.009423,9.67534,89.21443,1349.08,200,25,90
1770615025.0094366,9.67534,89.21443,1349.08,200,45,90
1770615025.009451,9.67534,89.21443,1349.08,200,65,90
1770615025.0094647,9.67534,89.21443,1349.08,200,85,90
1770615025.0094786,9.67534,89.21443,1349.08,200,105,90
1770615025.0094924,9.67534,89.21443,1349.08,200,125,90
1770615025.0095057,9.67534,89.21443,1349.08,200,145,90
1770615025.00952,9.67534,89.21443,1349.08,200,25,120
1770615025.009534,9.67534,89.21443,1349.08,200,45,120
1770615025.0095477,9.67534,89.21443,1349.08,200,65,120
1770615025.0095618,9.67534,89.21443,1349.08,200,85,120
1770615025.0095756,9.67534,89.21443,1349.08,200,105,120
1770615025.0095904,9.67534,89.21443,1349.08,200,125,120
1770615025.0096045,9.67534,89.21443,1349.08,200,145,120
1770615049.752432,9.616292,94.65309,1707.727,200,25,60
1770615049.7524714,9.616292,94.65309,1707.727,200,45,60
1770615049.7524862,9.616292,94.65309,1707.727,200,65,60
1770615049.7524989,9.616292,94.65309,1707.727,200,85,60
1770615049.7525141,9.616292,94.65309,1707.727,200,105,60
1770615049.7525356,9.616292,94.65309,1707.727,200,125,60
1770615049.7525523,9.616292,94.65309,1707.727,200,145,60
1770615049.7525637,9.616292,94.65309,1707.727,200,25,90
1770615049.7525787,9.616292,94.65309,1707.727,200,45,90
1770615049.752597,9.616292,94.65309,1707.727,200,65,90
1770615049.7526114,9.616292,94.65309,1707.727,200,85,90
1770615049.7526252,9.616292,94.65309,1707.727,200,105,90
1770615049.7526393,9.616292,94.65309,1707.727,200,125,90
1770615049.7526534,9.616292,94.65309,1707.727,200,145,90
1770615049.7526674,9.616292,94.65309,1707.727,200,25,120
1770615049.7526817,9.616292,94.65309,1707.727,200,45,120
1770615049.752696,9.616292,94.65309,1707.727,200,65,120
1770615049.75271,9.616292,94.65309,1707.727,200,85,120
1770615049.752724,9.616292,94.65309,1707.727,200,105,120
1770615049.7527378,9.616292,94.65309,1707.727,200,125,120
1770615049.7527523,9.616292,94.65309,1707.727,200,145,120
1770615189.469451,2.244002,0.006674,179.9976,75,25,60
1770615189.4694884,2.244002,0.006674,179.9976,110,45,60
1770615189.4695115,2.244002,0.006674,179.9976,76,65,60
1770615189.469526,2.244002,0.006674,179.9976,75,85,60
1770615189.46954,2.244002,0.006674,179.9976,77,105,60
1770615189.4695537,2.244002,0.006674,179.9976,200,125,60
1770615189.4695673,2.244002,0.006674,179.9976,68,145,60
1770615189.4696293,2.244002,0.006674,179.9976,74,25,90
1770615189.469643,2.244002,0.006674,179.9976,13,45,90
1770615189.4696562,2.244002,0.006674,179.9976,17,65,90
1770615189.4696684,2.244002,0.006674,179.9976,75,85,90
1770615189.4696803,2.244002,0.006674,179.9976,21,105,90
1770615189.4696934,2.244002,0.006674,179.9976,10,125,90
1770615189.4697073,2.244002,0.006674,179.9976,10,145,90
1770615189.46972,2.244002,0.006674,179.9976,20,25,120
1770615189.4697309,2.244002,0.006674,179.9976,15,45,120
1770615189.469743,2.244002,0.006674,179.9976,200,65,120
1770615189.469756,2.244002,0.006674,179.9976,19,85,120
1770615189.4697676,2.244002,0.006674,179.9976,16,105,120
1770615189.4697797,2.244002,0.006674,179.9976,16,125,120
1770615189.4697912,2.244002,0.006674,179.9976,17,145,120
1770615196.5568166,2.946813,8.942327,85.51894,121,25,60
1770615196.5568469,2.946813,8.942327,85.51894,25,45,60
1770615196.5568612,2.946813,8.942327,85.51894,35,65,60
1770615196.556874,2.946813,8.942327,85.51894,164,85,60
1770615196.556886,2.946813,8.942327,85.51894,108,105,60
1770615196.5568979,2.946813,8.942327,85.51894,164,125,60
1770615196.556917,2.946813,8.942327,85.51894,77,145,60
1770615196.5569315,2.946813,8.942327,85.51894,18,25,90
1770615196.5569463,2.946813,8.942327,85.51894,24,45,90
1770615196.5569608,2.946813,8.942327,85.51894,17,65,90
1770615196.5569746,2.946813,8.942327,85.51894,16,85,90
1770615196.556989,2.946813,8.942327,85.51894,31,105,90
1770615196.5570025,2.946813,8.942327,85.51894,200,125,90
1770615196.5570207,2.946813,8.942327,85.51894,78,145,90
1770615196.5570352,2.946813,8.942327,85.51894,16,25,120
1770615196.5570495,2.946813,8.942327,85.51894,26,45,120
1770615196.5570633,2.946813,8.942327,85.51894,16,65,120
1770615196.5570774,2.946813,8.942327,85.51894,16,85,120
1770615196.5570912,2.946813,8.942327,85.51894,15,105,120
1770615196.5571053,2.946813,8.942327,85.51894,10,125,120
1770615196.5571191,2.946813,8.942327,85.51894,9,145,120
1770615201.4798913,7.58457,67.90747,85.51894,16,25,60
1770615201.4799273,7.58457,67.90747,85.51894,23,45,60
1770615201.479944,7.58457,67.90747,85.51894,149,65,60
1770615201.4799588,7.58457,67.90747,85.51894,17,85,60
1770615201.4799726,7.58457,67.90747,85.51894,162,105,60
1770615201.479987,7.58457,67.90747,85.51894,91,125,60
1770615201.48,7.58457,67.90747,85.51894,89,145,60
1770615201.4800186,7.58457,67.90747,85.51894,10,25,90
1770615201.480035,7.58457,67.90747,85.51894,24,45,90
1770615201.4800475,7.58457,67.90747,85.51894,15,65,90
1770615201.4800596,7.58457,67.90747,85.51894,15,85,90
1770615201.4800708,7.58457,67.90747,85.51894,16,105,90
1770615201.480082,7.58457,67.90747,85.51894,16,125,90
1770615201.4800925,7.58457,67.90747,85.51894,9,145,90
1770615201.480104,7.58457,67.90747,85.51894,20,25,120
1770615201.480116,7.58457,67.90747,85.51894,18,45,120
1770615201.480129,7.58457,67.90747,85.51894,14,65,120
1770615201.4801438,7.58457,67.90747,85.51894,200,85,120
1770615201.480159,7.58457,67.90747,85.51894,17,105,120
1770615201.4801733,7.58457,67.90747,85.51894,16,125,120
1770615201.480198,7.58457,67.90747,85.51894,8,145,120
1770615206.6539721,12.43527,129.58,85.51894,16,25,60
1770615206.6540031,12.43527,129.58,85.51894,25,45,60
1770615206.6540194,12.43527,129.58,85.51894,149,65,60
1770615206.6540346,12.43527,129.58,85.51894,16,85,60
1770615206.654049,12.43527,129.58,85.51894,134,105,60
1770615206.654063,12.43527,129.58,85.51894,89,125,60
1770615206.6540773,12.43527,129.58,85.51894,81,145,60
1770615206.6540923,12.43527,129.58,85.51894,7,25,90
1770615206.6541073,12.43527,129.58,85.51894,16,45,90
1770615206.6541247,12.43527,129.58,85.51894,13,65,90
1770615206.6541388,12.43527,129.58,85.51894,7,85,90
1770615206.6541529,12.43527,129.58,85.51894,200,105,90
1770615206.6541677,12.43527,129.58,85.51894,200,125,90
1770615206.6541817,12.43527,129.58,85.51894,200,145,90
1770615206.6541955,12.43527,129.58,85.51894,23,25,120
1770615206.6542096,12.43527,129.58,85.51894,21,45,120
1770615206.6542232,12.43527,129.58,85.51894,12,65,120
1770615206.6542377,12.43527,129.58,85.51894,12,85,120
1770615206.6542516,12.43527,129.58,85.51894,14,105,120
1770615206.6542654,12.43527,129.58,85.51894,9,125,120
1770615206.654279,12.43527,129.58,85.51894,6,145,120
1770615215.3610098,11.96061,123.6831,265.4481,50,25,60
1770615215.361038,11.96061,123.6831,265.4481,50,45,60
1770615215.361054,11.96061,123.6831,265.4481,50,65,60
1770615215.3610687,11.96061,123.6831,265.4481,50,85,60
1770615215.3610835,11.96061,123.6831,265.4481,54,105,60
1770615215.3610978,11.96061,123.6831,265.4481,58,125,60
1770615215.3611119,11.96061,123.6831,265.4481,25,145,60
1770615215.361126,11.96061,123.6831,265.4481,50,25,90
1770615215.36114,11.96061,123.6831,265.4481,49,45,90
1770615215.361154,11.96061,123.6831,265.4481,49,65,90
1770615215.3611681,11.96061,123.6831,265.4481,49,85,90
1770615215.3611822,11.96061,123.6831,265.4481,56,105,90
1770615215.361196,11.96061,123.6831,265.4481,27,125,90
1770615215.36121,11.96061,123.6831,265.4481,21,145,90
1770615215.361224,11.96061,123.6831,265.4481,50,25,120
1770615215.3612378,11.96061,123.6831,265.4481,50,45,120
1770615215.3612518,11.96061,123.6831,265.4481,50,65,120
1770615215.361266,11.96061,123.6831,265.4481,50,85,120
1770615215.3612864,11.96061,123.6831,265.4481,52,105,120
1770615215.361301,11.96061,123.6831,265.4481,25,125,120
1770615215.361315,11.96061,123.6831,265.4481,21,145,120
1770615221.1576495,6.910169,60.93926,265.4481,49,25,60
1770615221.157683,6.910169,60.93926,265.4481,50,45,60
1770615221.1576996,6.910169,60.93926,265.4481,49,65,60
1770615221.157715,6.910169,60.93926,265.4481,50,85,60
1770615221.1577299,6.910169,60.93926,265.4481,57,105,60
1770615221.1577444,6.910169,60.93926,265.4481,91,125,60
1770615221.1577582,6.910169,60.93926,265.4481,23,145,60
1770615221.1577723,6.910169,60.93926,265.4481,49,25,90
1770615221.1577897,6.910169,60.93926,265.4481,50,45,90
1770615221.1578047,6.910169,60.93926,265.4481,49,65,90
1770615221.1578195,6.910169,60.93926,265.4481,50,85,90
1770615221.1578338,6.910169,60.93926,265.4481,51,105,90
1770615221.1578484,6.910169,60.93926,265.4481,23,125,90
1770615221.1578624,6.910169,60.93926,265.4481,21,145,90
1770615221.1578772,6.910169,60.93926,265.4481,49,25,120
1770615221.1578915,6.910169,60.93926,265.4481,49,45,120
1770615221.1579053,6.910169,60.93926,265.4481,48,65,120
1770615221.1579194,6.910169,60.93926,265.4481,50,85,120
1770615221.1579337,6.910169,60.93926,265.4481,51,105,120
1770615221.1579485,6.910169,60.93926,265.4481,23,125,120
1770615221.1579623,6.910169,60.93926,265.4481,21,145,120
1770615237.8091218,11.07775,111.3465,445.3577,10,25,60
1770615237.8091502,11.07775,111.3465,445.3577,200,45,60
1770615237.8091652,11.07775,111.3465,445.3577,200,65,60
1770615237.8091815,11.07775,111.3465,445.3577,200,85,60
1770615237.8091946,11.07775,111.3465,445.3577,5,105,60
1770615237.8092074,11.07775,111.3465,445.3577,200,125,60
1770615237.8092198,11.07775,111.3465,445.3577,200,145,60
1770615237.8092325,11.07775,111.3465,445.3577,5,25,90
1770615237.809245,11.07775,111.3465,445.3577,7,45,90
1770615237.8092585,11.07775,111.3465,445.3577,5,65,90
1770615237.809271,11.07775,111.3465,445.3577,5,85,90
1770615237.809282,11.07775,111.3465,445.3577,6,105,90
1770615237.8092923,11.07775,111.3465,445.3577,200,125,90
1770615237.8093028,11.07775,111.3465,445.3577,43,145,90
1770615237.8093143,11.07775,111.3465,445.3577,114,25,120
1770615237.8093262,11.07775,111.3465,445.3577,200,45,120
1770615237.8093371,11.07775,111.3465,445.3577,200,65,120
1770615237.8093486,11.07775,111.3465,445.3577,7,85,120
1770615237.8093622,11.07775,111.3465,445.3577,3,105,120
1770615237.809374,11.07775,111.3465,445.3577,200,125,120
1770615237.8093867,11.07775,111.3465,445.3577,200,145,120
1770615251.7279255,6.640292,61.67906,625.0125,37,25,60
1770615251.7279634,6.640292,61.67906,625.0125,34,45,60
1770615251.7279809,6.640292,61.67906,625.0125,28,65,60
1770615251.727999,6.640292,61.67906,625.0125,200,85,60
1770615251.7280102,6.640292,61.67906,625.0125,125,105,60
1770615251.7280233,6.640292,61.67906,625.0125,70,125,60
1770615251.7280338,6.640292,61.67906,625.0125,69,145,60
1770615251.7280443,6.640292,61.67906,625.0125,22,25,90
1770615251.7280555,6.640292,61.67906,625.0125,34,45,90
1770615251.7281973,6.640292,61.67906,625.0125,17,65,90
1770615251.7282164,6.640292,61.67906,625.0125,24,85,90
1770615251.7282321,6.640292,61.67906,625.0125,200,105,90
1770615251.7282445,6.640292,61.67906,625.0125,72,125,90
1770615251.7283516,6.640292,61.67906,625.0125,69,145,90
1770615251.7283707,6.640292,61.67906,625.0125,10,25,120
1770615251.7283854,6.640292,61.67906,625.0125,21,45,120
1770615251.7283998,6.640292,61.67906,625.0125,25,65,120
1770615251.7284148,6.640292,61.67906,625.0125,7,85,120
1770615251.7284293,6.640292,61.67906,625.0125,5,105,120
1770615251.7284439,6.640292,61.67906,625.0125,8,125,120
1770615251.7284596,6.640292,61.67906,625.0125,30,145,120
1770615266.8787732,9.644153,94.07807,804.8549,34,25,60
1770615266.8788059,9.644153,94.07807,804.8549,31,45,60
1770615266.8788228,9.644153,94.07807,804.8549,33,65,60
1770615266.8788352,9.644153,94.07807,804.8549,34,85,60
1770615266.878848,9.644153,94.07807,804.8549,45,105,60
1770615266.8788598,9.644153,94.07807,804.8549,46,125,60
1770615266.8788724,9.644153,94.07807,804.8549,30,145,60
1770615266.8788838,9.644153,94.07807,804.8549,32,25,90
1770615266.8788955,9.644153,94.07807,804.8549,31,45,90
1770615266.8789103,9.644153,94.07807,804.8549,32,65,90
1770615266.878922,9.644153,94.07807,804.8549,33,85,90
1770615266.8789325,9.644153,94.07807,804.8549,36,105,90
1770615266.8789449,9.644153,94.07807,804.8549,37,125,90
1770615266.8789573,9.644153,94.07807,804.8549,28,145,90
1770615266.87897,9.644153,94.07807,804.8549,34,25,120
1770615266.878983,9.644153,94.07807,804.8549,31,45,120
1770615266.8789945,9.644153,94.07807,804.8549,32,65,120
1770615266.8790052,9.644153,94.07807,804.8549,34,85,120
1770615266.8790178,9.644153,94.07807,804.8549,36,105,120
1770615266.8790302,9.644153,94.07807,804.8549,30,125,120
1770615266.879043,9.644153,94.07807,804.8549,28,145,120
1770615283.0499938,28.24843,75.53809,675.2266,99,25,60
1770615283.0500238,28.24843,75.53809,675.2266,59,45,60
1770615283.0500362,28.24843,75.53809,675.2266,85,65,60
1770615283.0500474,28.24843,75.53809,675.2266,99,85,60
1770615283.050059,28.24843,75.53809,675.2266,112,105,60
1770615283.0500705,28.24843,75.53809,675.2266,109,125,60
1770615283.0500822,28.24843,75.53809,675.2266,30,145,60
1770615283.0500968,28.24843,75.53809,675.2266,26,25,90
1770615283.0501091,28.24843,75.53809,675.2266,200,45,90
1770615283.0501256,28.24843,75.53809,675.2266,63,65,90
1770615283.0501428,28.24843,75.53809,675.2266,31,85,90
1770615283.0501566,28.24843,75.53809,675.2266,27,105,90
1770615283.0501707,28.24843,75.53809,675.2266,30,125,90
1770615283.0501842,28.24843,75.53809,675.2266,30,145,90
1770615283.0501986,28.24843,75.53809,675.2266,25,25,120
1770615283.0502121,28.24843,75.53809,675.2266,10,45,120
1770615283.0502262,28.24843,75.53809,675.2266,17,65,120
1770615283.0502403,28.24843,75.53809,675.2266,26,85,120
1770615283.050254,28.24843,75.53809,675.2266,25,105,120
1770615283.050268,28.24843,75.53809,675.2266,27,125,120
1770615283.0502815,28.24843,75.53809,675.2266,25,145,120
1770615288.0259597,131.3487,-27.20582,675.2266,82,25,60
1770615288.025988,131.3487,-27.20582,675.2266,82,45,60
1770615288.0260067,131.3487,-27.20582,675.2266,81,65,60
1770615288.0260236,131.3487,-27.20582,675.2266,97,85,60
1770615288.0260382,131.3487,-27.20582,675.2266,131,105,60
1770615288.0260534,131.3487,-27.20582,675.2266,153,125,60
1770615288.026068,131.3487,-27.20582,675.2266,30,145,60
1770615288.026082,131.3487,-27.20582,675.2266,32,25,90
1770615288.0260959,131.3487,-27.20582,675.2266,61,45,90
1770615288.0261102,131.3487,-27.20582,675.2266,79,65,90
1770615288.0261242,131.3487,-27.20582,675.2266,31,85,90
1770615288.0261385,131.3487,-27.20582,675.2266,28,105,90
1770615288.0261526,131.3487,-27.20582,675.2266,26,125,90
1770615288.0261672,131.3487,-27.20582,675.2266,28,145,90
1770615288.0261812,131.3487,-27.20582,675.2266,18,25,120
1770615288.0261955,131.3487,-27.20582,675.2266,10,45,120
1770615288.0262098,131.3487,-27.20582,675.2266,80,65,120
1770615288.026224,131.3487,-27.20582,675.2266,23,85,120
1770615288.0262382,131.3487,-27.20582,675.2266,24,105,120
1770615288.0262525,131.3487,-27.20582,675.2266,30,125,120
1770615288.0262668,131.3487,-27.20582,675.2266,29,145,120
1770615297.5820444,124.1867,-20.01492,855.0456,121,25,60
1770615297.582079,124.1867,-20.01492,855.0456,59,45,60
1770615297.5820951,124.1867,-20.01492,855.0456,139,65,60
1770615297.5821087,124.1867,-20.01492,855.0456,138,85,60
1770615297.5821202,124.1867,-20.01492,855.0456,83,105,60
1770615297.5821333,124.1867,-20.01492,855.0456,83,125,60
1770615297.582146,124.1867,-20.01492,855.0456,200,145,60
1770615297.5821605,124.1867,-20.01492,855.0456,28,25,90
1770615297.5821724,124.1867,-20.01492,855.0456,34,45,90
1770615297.582185,124.1867,-20.01492,855.0456,34,65,90
1770615297.5821965,124.1867,-20.01492,855.0456,129,85,90
1770615297.5822084,124.1867,-20.01492,855.0456,128,105,90
1770615297.5822213,124.1867,-20.01492,855.0456,28,125,90
1770615297.5822341,124.1867,-20.01492,855.0456,17,145,90
1770615297.5822465,124.1867,-20.01492,855.0456,27,25,120
1770615297.5822604,124.1867,-20.01492,855.0456,33,45,120
1770615297.582272,124.1867,-20.01492,855.0456,29,65,120
1770615297.5822837,124.1867,-20.01492,855.0456,29,85,120
1770615297.5822957,124.1867,-20.01492,855.0456,30,105,120
1770615297.5823073,124.1867,-20.01492,855.0456,16,125,120
1770615297.582319,124.1867,-20.01492,855.0456,23,145,120
1770615303.7307177,63.15747,41.26134,855.0456,125,25,60
1770615303.7307498,63.15747,41.26134,855.0456,58,45,60
1770615303.7307665,63.15747,41.26134,855.0456,136,65,60
1770615303.730784,63.15747,41.26134,855.0456,135,85,60
1770615303.730799,63.15747,41.26134,855.0456,81,105,60
1770615303.7308137,63.15747,41.26134,855.0456,80,125,60
1770615303.7308288,63.15747,41.26134,855.0456,200,145,60
1770615303.7308433,63.15747,41.26134,855.0456,22,25,90
1770615303.7308574,63.15747,41.26134,855.0456,33,45,90
1770615303.7308722,63.15747,41.26134,855.0456,28,65,90
1770615303.7308862,63.15747,41.26134,855.0456,20,85,90
1770615303.7309,63.15747,41.26134,855.0456,30,105,90
1770615303.730914,63.15747,41.26134,855.0456,25,125,90
1770615303.7309277,63.15747,41.26134,855.0456,16,145,90
1770615303.730942,63.15747,41.26134,855.0456,19,25,120
1770615303.7309558,63.15747,41.26134,855.0456,32,45,120
1770615303.7309701,63.15747,41.26134,855.0456,22,65,120
1770615303.7309847,63.15747,41.26134,855.0456,23,85,120
1770615303.7309983,63.15747,41.26134,855.0456,21,105,120
1770615303.7310126,63.15747,41.26134,855.0456,17,125,120
1770615303.731027,63.15747,41.26134,855.0456,18,145,120
1770615308.3863575,21.66153,82.92523,855.0456,124,25,60
1770615308.3863978,21.66153,82.92523,855.0456,52,45,60
1770615308.386415,21.66153,82.92523,855.0456,135,65,60
1770615308.3864305,21.66153,82.92523,855.0456,135,85,60
1770615308.3867536,21.66153,82.92523,855.0456,80,105,60
1770615308.386776,21.66153,82.92523,855.0456,79,125,60
1770615308.3867922,21.66153,82.92523,855.0456,82,145,60
1770615308.3868089,21.66153,82.92523,855.0456,22,25,90
1770615308.3868237,21.66153,82.92523,855.0456,31,45,90
1770615308.3868399,21.66153,82.92523,855.0456,27,65,90
1770615308.3868546,21.66153,82.92523,855.0456,20,85,90
1770615308.3868692,21.66153,82.92523,855.0456,58,105,90
1770615308.3868918,21.66153,82.92523,855.0456,25,125,90
1770615308.3869097,21.66153,82.92523,855.0456,17,145,90
1770615308.3869243,21.66153,82.92523,855.0456,30,25,120
1770615308.3869388,21.66153,82.92523,855.0456,31,45,120
1770615308.386953,21.66153,82.92523,855.0456,24,65,120
1770615308.3869677,21.66153,82.92523,855.0456,21,85,120
1770615308.386982,21.66153,82.92523,855.0456,21,105,120
1770615308.3869948,21.66153,82.92523,855.0456,27,125,120
1770615308.3870094,21.66153,82.92523,855.0456,18,145,120
1770617881.0252318,12.75,0,0,80,25,60
1770617881.0252967,12.75,0,0,94,45,60
1770617881.0253148,12.75,0,0,63,65,60
1770617881.0253267,12.75,0,0,148,85,60
1770617881.0253382,12.75,0,0,58,105,60
1770617881.025349,12.75,0,0,37,125,60
1770617881.0253599,12.75,0,0,36,145,60
1770617881.0253706,12.75,0,0,39,25,90
1770617881.0253808,12.75,0,0,57,45,90
1770617881.0253916,12.75,0,0,58,65,90
1770617881.025402,12.75,0,0,38,85,90
1770617881.0254123,12.75,0,0,39,105,90
1770617881.0254228,12.75,0,0,35,125,90
1770617881.0254333,12.75,0,0,35,145,90
1770617881.0254436,12.75,0,0,36,25,120
1770617881.0254543,12.75,0,0,30,45,120
1770617881.025465,12.75,0,0,37,65,120
1770617881.0254757,12.75,0,0,37,85,120
1770617881.025486,12.75,0,0,38,105,120
1770617881.0254965,12.75,0,0,35,125,120
1770617881.0255077,12.75,0,0,36,145,120
1770617913.2631373,60.23289,96.8658,243.8798,57,25,60
1770617913.2631698,60.23289,96.8658,243.8798,33,45,60
1770617913.2631855,60.23289,96.8658,243.8798,58,65,60
1770617913.2632096,60.23289,96.8658,243.8798,54,85,60
1770617913.263224,60.23289,96.8658,243.8798,138,105,60
1770617913.263238,60.23289,96.8658,243.8798,131,125,60
1770617913.263252,60.23289,96.8658,243.8798,67,145,60
1770617913.263275,60.23289,96.8658,243.8798,44,25,90
1770617913.2632873,60.23289,96.8658,243.8798,32,45,90
1770617913.2633052,60.23289,96.8658,243.8798,48,65,90
1770617913.263321,60.23289,96.8658,243.8798,45,85,90
1770617913.2633345,60.23289,96.8658,243.8798,43,105,90
1770617913.2633483,60.23289,96.8658,243.8798,36,125,90
1770617913.2633617,60.23289,96.8658,243.8798,60,145,90
1770617913.2633753,60.23289,96.8658,243.8798,43,25,120
1770617913.2633889,60.23289,96.8658,243.8798,33,45,120
1770617913.2634022,60.23289,96.8658,243.8798,35,65,120
1770617913.2634163,60.23289,96.8658,243.8798,44,85,120
1770617913.2634304,60.23289,96.8658,243.8798,38,105,120
1770617913.263444,60.23289,96.8658,243.8798,37,125,120
1770617913.2634578,60.23289,96.8658,243.8798,16,145,120
1770617918.821521,26.79052,28.8007,243.8798,54,25,60
1770617918.8215494,26.79052,28.8007,243.8798,32,45,60
1770617918.821565,26.79052,28.8007,243.8798,58,65,60
1770617918.8215792,26.79052,28.8007,243.8798,54,85,60
1770617918.8215935,26.79052,28.8007,243.8798,136,105,60
1770617918.8216076,26.79052,28.8007,243.8798,125,125,60
1770617918.8216217,26.79052,28.8007,243.8798,68,145,60
1770617918.8216355,26.79052,28.8007,243.8798,45,25,90
1770617918.8216493,26.79052,28.8007,243.8798,31,45,90
1770617918.8216631,26.79052,28.8007,243.8798,36,65,90
1770617918.821677,26.79052,28.8007,243.8798,44,85,90
1770617918.8216906,26.79052,28.8007,243.8798,50,105,90
1770617918.8217041,26.79052,28.8007,243.8798,35,125,90
1770617918.821718,26.79052,28.8007,243.8798,64,145,90
1770617918.8217316,26.79052,28.8007,243.8798,40,25,120
1770617918.8217456,26.79052,28.8007,243.8798,31,45,120
1770617918.8217592,26.79052,28.8007,243.8798,34,65,120
1770617918.821773,26.79052,28.8007,243.8798,42,85,120
1770617918.8217866,26.79052,28.8007,243.8798,40,105,120
1770617918.8218033,26.79052,28.8007,243.8798,36,125,120
1770617918.8218238,26.79052,28.8007,243.8798,19,145,120
1770617924.6377678,26.79052,28.8007,243.8798,49,25,60
1770617924.6377978,26.79052,28.8007,243.8798,32,45,60
1770617924.6378136,26.79052,28.8007,243.8798,59,65,60
1770617924.637828,26.79052,28.8007,243.8798,51,85,60
1770617924.637842,26.79052,28.8007,243.8798,135,105,60
1770617924.6378565,26.79052,28.8007,243.8798,148,125,60
1770617924.6378706,26.79052,28.8007,243.8798,65,145,60
1770617924.6378875,26.79052,28.8007,243.8798,40,25,90
1770617924.6379018,26.79052,28.8007,243.8798,31,45,90
1770617924.6379156,26.79052,28.8007,243.8798,36,65,90
1770617924.6379294,26.79052,28.8007,243.8798,43,85,90
1770617924.637943,26.79052,28.8007,243.8798,44,105,90
1770617924.6379566,26.79052,28.8007,243.8798,36,125,90
1770617924.6379707,26.79052,28.8007,243.8798,60,145,90
1770617924.6379845,26.79052,28.8007,243.8798,41,25,120
1770617924.6379986,26.79052,28.8007,243.8798,31,45,120
1770617924.638013,26.79052,28.8007,243.8798,33,65,120
1770617924.6380265,26.79052,28.8007,243.8798,41,85,120
1770617924.6380403,26.79052,28.8007,243.8798,41,105,120
1770617924.6380541,26.79052,28.8007,243.8798,36,125,120
1770617924.638068,26.79052,28.8007,243.8798,17,145,120
1770617929.4303813,26.79052,28.8007,243.8798,54,25,60
1770617929.4304287,26.79052,28.8007,243.8798,32,45,60
1770617929.4304438,26.79052,28.8007,243.8798,80,65,60
1770617929.430458,26.79052,28.8007,243.8798,51,85,60
1770617929.430472,26.79052,28.8007,243.8798,136,105,60
1770617929.4304862,26.79052,28.8007,243.8798,121,125,60
1770617929.4305,26.79052,28.8007,243.8798,68,145,60
1770617929.4305136,26.79052,28.8007,243.8798,43,25,90
1770617929.4305272,26.79052,28.8007,243.8798,31,45,90
1770617929.4305413,26.79052,28.8007,243.8798,35,65,90
1770617929.4305549,26.79052,28.8007,243.8798,43,85,90
1770617929.4305692,26.79052,28.8007,243.8798,44,105,90
1770617929.430583,26.79052,28.8007,243.8798,36,125,90
1770617929.4305966,26.79052,28.8007,243.8798,58,145,90
1770617929.4306104,26.79052,28.8007,243.8798,41,25,120
1770617929.4306304,26.79052,28.8007,243.8798,31,45,120
1770617929.430642,26.79052,28.8007,243.8798,33,65,120
1770617929.430652,26.79052,28.8007,243.8798,41,85,120
1770617929.4306622,26.79052,28.8007,243.8798,41,105,120
1770617929.4306808,26.79052,28.8007,243.8798,39,125,120
1770617929.4306958,26.79052,28.8007,243.8798,17,145,120
1770617934.9531503,26.79052,28.8007,243.8798,53,25,60
1770617934.95318,26.79052,28.8007,243.8798,32,45,60
1770617934.9531956,26.79052,28.8007,243.8798,58,65,60
1770617934.9532099,26.79052,28.8007,243.8798,52,85,60
1770617934.9532242,26.79052,28.8007,243.8798,137,105,60
1770617934.9532385,26.79052,28.8007,243.8798,74,125,60
1770617934.9532526,26.79052,28.8007,243.8798,66,145,60
1770617934.9532664,26.79052,28.8007,243.8798,39,25,90
1770617934.9532802,26.79052,28.8007,243.8798,31,45,90
1770617934.9532971,26.79052,28.8007,243.8798,38,65,90
1770617934.9533184,26.79052,28.8007,243.8798,43,85,90
1770617934.9533288,26.79052,28.8007,243.8798,44,105,90
1770617934.9533396,26.79052,28.8007,243.8798,35,125,90
1770617934.9533496,26.79052,28.8007,243.8798,60,145,90
1770617934.9533598,26.79052,28.8007,243.8798,40,25,120
1770617934.9533703,26.79052,28.8007,243.8798,31,45,120
1770617934.9533808,26.79052,28.8007,243.8798,33,65,120
1770617934.9533978,26.79052,28.8007,243.8798,41,85,120
1770617934.953412,26.79052,28.8007,243.8798,41,105,120
1770617934.9534256,26.79052,28.8007,243.8798,38,125,120
1770617934.9534397,26.79052,28.8007,243.8798,17,145,120
1770617941.2123454,26.79052,28.8007,243.8798,53,25,60
1770617941.212379,26.79052,28.8007,243.8798,32,45,60
1770617941.2123945,26.79052,28.8007,243.8798,58,65,60
1770617941.2124126,26.79052,28.8007,243.8798,52,85,60
1770617941.2124305,26.79052,28.8007,243.8798,136,105,60
1770617941.2124517,26.79052,28.8007,243.8798,74,125,60
1770617941.2124672,26.79052,28.8007,243.8798,66,145,60
1770617941.2124815,26.79052,28.8007,243.8798,39,25,90
1770617941.2124956,26.79052,28.8007,243.8798,31,45,90
1770617941.2125096,26.79052,28.8007,243.8798,35,65,90
1770617941.2125235,26.79052,28.8007,243.8798,42,85,90
1770617941.2125373,26.79052,28.8007,243.8798,42,105,90
1770617941.2125509,26.79052,28.8007,243.8798,35,125,90
1770617941.212565,26.79052,28.8007,243.8798,59,145,90
1770617941.2125788,26.79052,28.8007,243.8798,40,25,120
1770617941.2125928,26.79052,28.8007,243.8798,31,45,120
1770617941.2126067,26.79052,28.8007,243.8798,33,65,120
1770617941.2126207,26.79052,28.8007,243.8798,44,85,120
1770617941.2126346,26.79052,28.8007,243.8798,41,105,120
1770617941.2126486,26.79052,28.8007,243.8798,39,125,120
1770617941.212663,26.79052,28.8007,243.8798,17,145,120
1770617946.4055362,26.79052,28.8007,243.8798,50,25,60
1770617946.405565,26.79052,28.8007,243.8798,33,45,60
1770617946.4055805,26.79052,28.8007,243.8798,58,65,60
1770617946.4055948,26.79052,28.8007,243.8798,52,85,60
1770617946.4056091,26.79052,28.8007,243.8798,136,105,60
1770617946.405624,26.79052,28.8007,243.8798,125,125,60
1770617946.405638,26.79052,28.8007,243.8798,67,145,60
1770617946.4056518,26.79052,28.8007,243.8798,48,25,90
1770617946.4056654,26.79052,28.8007,243.8798,31,45,90
1770617946.4056795,26.79052,28.8007,243.8798,35,65,90
1770617946.4056928,26.79052,28.8007,243.8798,43,85,90
1770617946.4057066,26.79052,28.8007,243.8798,44,105,90
1770617946.405721,26.79052,28.8007,243.8798,35,125,90
1770617946.4057345,26.79052,28.8007,243.8798,59,145,90
1770617946.4057484,26.79052,28.8007,243.8798,43,25,120
1770617946.405763,26.79052,28.8007,243.8798,31,45,120
1770617946.4057765,26.79052,28.8007,243.8798,33,65,120
1770617946.405793,26.79052,28.8007,243.8798,44,85,120
1770617946.4058137,26.79052,28.8007,243.8798,41,105,120
1770617946.405826,26.79052,28.8007,243.8798,38,125,120
1770617946.405845,26.79052,28.8007,243.8798,17,145,120
1770617951.1421716,26.79052,28.8007,243.8798,53,25,60
1770617951.1422014,26.79052,28.8007,243.8798,32,45,60
1770617951.142217,26.79052,28.8007,243.8798,58,65,60
1770617951.1422312,26.79052,28.8007,243.8798,51,85,60
1770617951.142245,26.79052,28.8007,243.8798,136,105,60
1770617951.1422596,26.79052,28.8007,243.8798,146,125,60
1770617951.1422741,26.79052,28.8007,243.8798,68,145,60
1770617951.1422877,26.79052,28.8007,243.8798,42,25,90
1770617951.1423018,26.79052,28.8007,243.8798,31,45,90
1770617951.1423213,26.79052,28.8007,243.8798,36,65,90
1770617951.1423404,26.79052,28.8007,243.8798,43,85,90
1770617951.142357,26.79052,28.8007,243.8798,44,105,90
1770617951.1423712,26.79052,28.8007,243.8798,35,125,90
1770617951.1423845,26.79052,28.8007,243.8798,60,145,90
1770617951.1423988,26.79052,28.8007,243.8798,40,25,120
1770617951.1424122,26.79052,28.8007,243.8798,31,45,120
1770617951.1424263,26.79052,28.8007,243.8798,33,65,120
1770617951.14244,26.79052,28.8007,243.8798,43,85,120
1770617951.1424537,26.79052,28.8007,243.8798,41,105,120
1770617951.1424675,26.79052,28.8007,243.8798,41,125,120
1770617951.1424816,26.79052,28.8007,243.8798,17,145,120
1770617959.0433419,35.32808,34.14534,392.1212,45,25,60
1770617959.0433712,35.32808,34.14534,392.1212,36,45,60
1770617959.0433865,35.32808,34.14534,392.1212,36,65,60
1770617959.043399,35.32808,34.14534,392.1212,45,85,60
1770617959.0434124,35.32808,34.14534,392.1212,200,105,60
1770617959.0434258,35.32808,34.14534,392.1212,30,125,60
1770617959.043446,35.32808,34.14534,392.1212,27,145,60
1770617959.0434613,35.32808,34.14534,392.1212,37,25,90
1770617959.0434754,35.32808,34.14534,392.1212,35,45,90
1770617959.0434897,35.32808,34.14534,392.1212,35,65,90
1770617959.0435042,35.32808,34.14534,392.1212,45,85,90
1770617959.0435185,35.32808,34.14534,392.1212,29,105,90
1770617959.043533,35.32808,34.14534,392.1212,26,125,90
1770617959.043547,35.32808,34.14534,392.1212,25,145,90
1770617959.0435607,35.32808,34.14534,392.1212,37,25,120
1770617959.0435748,35.32808,34.14534,392.1212,35,45,120
1770617959.0435886,35.32808,34.14534,392.1212,36,65,120
1770617959.043603,35.32808,34.14534,392.1212,31,85,120
1770617959.043617,35.32808,34.14534,392.1212,26,105,120
1770617959.0436308,35.32808,34.14534,392.1212,27,125,120
1770617959.043645,35.32808,34.14534,392.1212,26,145,120
1770617963.9180236,83.89495,64.54892,392.1212,44,25,60
1770617963.9180534,83.89495,64.54892,392.1212,36,45,60
1770617963.91807,83.89495,64.54892,392.1212,36,65,60
1770617963.9180849,83.89495,64.54892,392.1212,45,85,60
1770617963.918099,83.89495,64.54892,392.1212,200,105,60
1770617963.9181132,83.89495,64.54892,392.1212,28,125,60
1770617963.9181275,83.89495,64.54892,392.1212,27,145,60
1770617963.9181416,83.89495,64.54892,392.1212,44,25,90
1770617963.9181561,83.89495,64.54892,392.1212,35,45,90
1770617963.9181705,83.89495,64.54892,392.1212,35,65,90
1770617963.9181848,83.89495,64.54892,392.1212,44,85,90
1770617963.9181988,83.89495,64.54892,392.1212,27,105,90
1770617963.918213,83.89495,64.54892,392.1212,25,125,90
1770617963.9182272,83.89495,64.54892,392.1212,25,145,90
1770617963.918241,83.89495,64.54892,392.1212,30,25,120
1770617963.9182549,83.89495,64.54892,392.1212,35,45,120
1770617963.9182684,83.89495,64.54892,392.1212,36,65,120
1770617963.9182827,83.89495,64.54892,392.1212,30,85,120
1770617963.9182966,83.89495,64.54892,392.1212,27,105,120
1770617963.9183104,83.89495,64.54892,392.1212,25,125,120
1770617963.9183242,83.89495,64.54892,392.1212,26,145,120
1770617979.612768,62.77348,51.40889,571.9943,121,25,60
1770617979.612797,62.77348,51.40889,571.9943,76,45,60
1770617979.6128132,62.77348,51.40889,571.9943,75,65,60
1770617979.612828,62.77348,51.40889,571.9943,92,85,60
1770617979.6128418,62.77348,51.40889,571.9943,100,105,60
1770617979.6128561,62.77348,51.40889,571.9943,164,125,60
1770617979.61287,62.77348,51.40889,571.9943,36,145,60
1770617979.6128836,62.77348,51.40889,571.9943,41,25,90
1770617979.6128974,62.77348,51.40889,571.9943,40,45,90
1770617979.612914,62.77348,51.40889,571.9943,39,65,90
1770617979.6129298,62.77348,51.40889,571.9943,42,85,90
1770617979.61294,62.77348,51.40889,571.9943,200,105,90
1770617979.6129572,62.77348,51.40889,571.9943,23,125,90
1770617979.6129725,62.77348,51.40889,571.9943,32,145,90
1770617979.6129863,62.77348,51.40889,571.9943,23,25,120
1770617979.6130002,62.77348,51.40889,571.9943,77,45,120
1770617979.613014,62.77348,51.40889,571.9943,200,65,120
1770617979.613028,62.77348,51.40889,571.9943,34,85,120
1770617979.6130419,62.77348,51.40889,571.9943,18,105,120
1770617979.613056,62.77348,51.40889,571.9943,18,125,120
1770617979.6130698,62.77348,51.40889,571.9943,30,145,120
1770617985.7478106,8.167223,17.43741,571.9943,79,25,60
1770617985.74784,8.167223,17.43741,571.9943,41,45,60
1770617985.7478552,8.167223,17.43741,571.9943,75,65,60
1770617985.7478697,8.167223,17.43741,571.9943,78,85,60
1770617985.747884,8.167223,17.43741,571.9943,96,105,60
1770617985.747902,8.167223,17.43741,571.9943,130,125,60
1770617985.7479236,8.167223,17.43741,571.9943,34,145,60
1770617985.7479405,8.167223,17.43741,571.9943,200,25,90
1770617985.7479546,8.167223,17.43741,571.9943,39,45,90
1770617985.7479684,8.167223,17.43741,571.9943,37,65,90
1770617985.7479823,8.167223,17.43741,571.9943,200,85,90
1770617985.7479959,8.167223,17.43741,571.9943,24,105,90
1770617985.74801,8.167223,17.43741,571.9943,200,125,90
1770617985.7480233,8.167223,17.43741,571.9943,31,145,90
1770617985.7480373,8.167223,17.43741,571.9943,200,25,120
1770617985.7480514,8.167223,17.43741,571.9943,6,45,120
1770617985.7480652,8.167223,17.43741,571.9943,9,65,120
1770617985.748079,8.167223,17.43741,571.9943,200,85,120
1770617985.748093,8.167223,17.43741,571.9943,17,105,120
1770617985.7481067,8.167223,17.43741,571.9943,16,125,120
1770617985.7481205,8.167223,17.43741,571.9943,26,145,120
1770618046.797978,12.75,0,0,30,25,60
1770618046.798006,12.75,0,0,31,45,60
1770618046.798018,12.75,0,0,31,65,60
1770618046.7980287,12.75,0,0,41,85,60
1770618046.7980423,12.75,0,0,41,105,60
1770618046.7980568,12.75,0,0,30,125,60
1770618046.7980738,12.75,0,0,27,145,60
1770618046.798085,12.75,0,0,39,25,90
1770618046.7980955,12.75,0,0,29,45,90
1770618046.7981062,12.75,0,0,29,65,90
1770618046.7981164,12.75,0,0,39,85,90
1770618046.798127,12.75,0,0,40,105,90
1770618046.7981372,12.75,0,0,25,125,90
1770618046.7981474,12.75,0,0,24,145,90
1770618046.798158,12.75,0,0,34,25,120
1770618046.7981682,12.75,0,0,31,45,120
1770618046.7981787,12.75,0,0,31,65,120
1770618046.7981894,12.75,0,0,34,85,120
1770618046.7981994,12.75,0,0,28,105,120
1770618046.79821,12.75,0,0,28,125,120
1770618046.7982197,12.75,0,0,26,145,120
1770618053.1889517,19.3345,7.571688,48.99831,25,25,60
1770618053.1889806,19.3345,7.571688,48.99831,71,45,60
1770618053.1889958,19.3345,7.571688,48.99831,27,65,60
1770618053.1890101,19.3345,7.571688,48.99831,25,85,60
1770618053.189024,19.3345,7.571688,48.99831,29,105,60
1770618053.1890378,19.3345,7.571688,48.99831,200,125,60
1770618053.189052,19.3345,7.571688,48.99831,200,145,60
1770618053.1890657,19.3345,7.571688,48.99831,24,25,90
1770618053.1890798,19.3345,7.571688,48.99831,28,45,90
1770618053.1890934,19.3345,7.571688,48.99831,24,65,90
1770618053.1891072,19.3345,7.571688,48.99831,24,85,90
1770618053.1891208,19.3345,7.571688,48.99831,24,105,90
1770618053.1891346,19.3345,7.571688,48.99831,38,125,90
1770618053.1891484,19.3345,7.571688,48.99831,30,145,90
1770618053.189162,19.3345,7.571688,48.99831,25,25,120
1770618053.1891754,19.3345,7.571688,48.99831,27,45,120
1770618053.1891892,19.3345,7.571688,48.99831,26,65,120
1770618053.1892033,19.3345,7.571688,48.99831,24,85,120
1770618053.1892195,19.3345,7.571688,48.99831,25,105,120
1770618053.1892333,19.3345,7.571688,48.99831,28,125,120
1770618053.1892471,19.3345,7.571688,48.99831,29,145,120
1770618058.150054,58.54871,52.66508,48.99831,22,25,60
1770618058.1500888,58.54871,52.66508,48.99831,130,45,60
1770618058.1501067,58.54871,52.66508,48.99831,21,65,60
1770618058.1501217,58.54871,52.66508,48.99831,21,85,60
1770618058.1501362,58.54871,52.66508,48.99831,24,105,60
1770618058.15015,58.54871,52.66508,48.99831,200,125,60
1770618058.1501641,58.54871,52.66508,48.99831,200,145,60
1770618058.1501787,58.54871,52.66508,48.99831,20,25,90
1770618058.1501925,58.54871,52.66508,48.99831,23,45,90
1770618058.1502068,58.54871,52.66508,48.99831,21,65,90
1770618058.1502209,58.54871,52.66508,48.99831,20,85,90
1770618058.1502347,58.54871,52.66508,48.99831,21,105,90
1770618058.1502483,58.54871,52.66508,48.99831,36,125,90
1770618058.1502624,58.54871,52.66508,48.99831,29,145,90
1770618058.1502762,58.54871,52.66508,48.99831,20,25,120
1770618058.1502903,58.54871,52.66508,48.99831,24,45,120
1770618058.1503046,58.54871,52.66508,48.99831,23,65,120
1770618058.1503186,58.54871,52.66508,48.99831,24,85,120
1770618058.1503327,58.54871,52.66508,48.99831,24,105,120
1770618058.1503465,58.54871,52.66508,48.99831,35,125,120
1770618058.1503606,58.54871,52.66508,48.99831,30,145,120
1770618066.2316797,54.84388,48.41854,228.9406,65,25,60
1770618066.2317085,54.84388,48.41854,228.9406,104,45,60
1770618066.2317245,54.84388,48.41854,228.9406,101,65,60
1770618066.2317398,54.84388,48.41854,228.9406,92,85,60
1770618066.2317538,54.84388,48.41854,228.9406,89,105,60
1770618066.2317684,54.84388,48.41854,228.9406,200,125,60
1770618066.231783,54.84388,48.41854,228.9406,200,145,60
1770618066.231797,54.84388,48.41854,228.9406,27,25,90
1770618066.231811,54.84388,48.41854,228.9406,23,45,90
1770618066.2318256,54.84388,48.41854,228.9406,36,65,90
1770618066.231842,54.84388,48.41854,228.9406,26,85,90
1770618066.2318566,54.84388,48.41854,228.9406,23,105,90
1770618066.231871,54.84388,48.41854,228.9406,89,125,90
1770618066.2318852,54.84388,48.41854,228.9406,30,145,90
1770618066.2319002,54.84388,48.41854,228.9406,93,25,120
1770618066.2319145,54.84388,48.41854,228.9406,29,45,120
1770618066.2319288,54.84388,48.41854,228.9406,30,65,120
1770618066.231943,54.84388,48.41854,228.9406,21,85,120
1770618066.2319565,54.84388,48.41854,228.9406,20,105,120
1770618066.2319705,54.84388,48.41854,228.9406,23,125,120
1770618066.2319846,54.84388,48.41854,228.9406,30,145,120
1770618071.122973,16.83164,4.848292,228.9406,78,25,60
1770618071.1229975,16.83164,4.848292,228.9406,200,45,60
1770618071.1230154,16.83164,4.848292,228.9406,78,65,60
1770618071.1230278,16.83164,4.848292,228.9406,90,85,60
1770618071.1230466,16.83164,4.848292,228.9406,88,105,60
1770618071.1230607,16.83164,4.848292,228.9406,107,125,60
1770618071.1230752,16.83164,4.848292,228.9406,107,145,60
1770618071.1230888,16.83164,4.848292,228.9406,22,25,90
1770618071.1231027,16.83164,4.848292,228.9406,24,45,90
1770618071.1231165,16.83164,4.848292,228.9406,71,65,90
1770618071.1231303,16.83164,4.848292,228.9406,23,85,90
1770618071.123144,16.83164,4.848292,228.9406,21,105,90
1770618071.1231575,16.83164,4.848292,228.9406,44,125,90
1770618071.1231713,16.83164,4.848292,228.9406,43,145,90
1770618071.123185,16.83164,4.848292,228.9406,30,25,120
1770618071.1231985,16.83164,4.848292,228.9406,30,45,120
1770618071.123212,16.83164,4.848292,228.9406,25,65,120
1770618071.1232262,16.83164,4.848292,228.9406,23,85,120
1770618071.1232398,16.83164,4.848292,228.9406,19,105,120
1770618071.1232536,16.83164,4.848292,228.9406,23,125,120
1770618071.1232674,16.83164,4.848292,228.9406,28,145,120
1770618080.121351,21.86117,10.59559,408.8876,61,25,60
1770618080.1213803,21.86117,10.59559,408.8876,25,45,60
1770618080.121396,21.86117,10.59559,408.8876,28,65,60
1770618080.1214104,21.86117,10.59559,408.8876,64,85,60
1770618080.121425,21.86117,10.59559,408.8876,70,105,60
1770618080.1214387,21.86117,10.59559,408.8876,58,125,60
1770618080.1214528,21.86117,10.59559,408.8876,200,145,60
1770618080.121467,21.86117,10.59559,408.8876,53,25,90
1770618080.1214805,21.86117,10.59559,408.8876,25,45,90
1770618080.1214945,21.86117,10.59559,408.8876,25,65,90
1770618080.1215081,21.86117,10.59559,408.8876,52,85,90
1770618080.121522,21.86117,10.59559,408.8876,48,105,90
1770618080.1215355,21.86117,10.59559,408.8876,48,125,90
1770618080.1215491,21.86117,10.59559,408.8876,48,145,90
1770618080.121563,21.86117,10.59559,408.8876,27,25,120
1770618080.1215765,21.86117,10.59559,408.8876,25,45,120
1770618080.1215904,21.86117,10.59559,408.8876,27,65,120
1770618080.1216042,21.86117,10.59559,408.8876,30,85,120
1770618080.1216183,21.86117,10.59559,408.8876,51,105,120
1770618080.121632,21.86117,10.59559,408.8876,45,125,120
1770618080.121646,21.86117,10.59559,408.8876,32,145,120
1770618088.42452,57.42392,17.47883,371.0243,3,25,60
1770618088.4245458,57.42392,17.47883,371.0243,200,45,60
1770618088.42456,57.42392,17.47883,371.0243,2,65,60
1770618088.4245737,57.42392,17.47883,371.0243,3,85,60
1770618088.4245858,57.42392,17.47883,371.0243,5,105,60
1770618088.4245977,57.42392,17.47883,371.0243,56,125,60
1770618088.4246132,57.42392,17.47883,371.0243,51,145,60
1770618088.4246244,57.42392,17.47883,371.0243,1,25,90
1770618088.424635,57.42392,17.47883,371.0243,4,45,90
1770618088.424646,57.42392,17.47883,371.0243,1,65,90
1770618088.4246576,57.42392,17.47883,371.0243,1,85,90
1770618088.4246724,57.42392,17.47883,371.0243,3,105,90
1770618088.4246857,57.42392,17.47883,371.0243,53,125,90
1770618088.4246979,57.42392,17.47883,371.0243,37,145,90
1770618088.4247098,57.42392,17.47883,371.0243,2,25,120
1770618088.4247296,57.42392,17.47883,371.0243,3,45,120
1770618088.4247432,57.42392,17.47883,371.0243,2,65,120
1770618088.4247572,57.42392,17.47883,371.0243,2,85,120
1770618088.424771,57.42392,17.47883,371.0243,5,105,120
1770618088.424785,57.42392,17.47883,371.0243,41,125,120
1770618088.4247987,57.42392,17.47883,371.0243,39,145,120
1770618095.4301064,139.7152,33.40649,371.0243,69,25,60
1770618095.4301362,139.7152,33.40649,371.0243,58,45,60
1770618095.430152,139.7152,33.40649,371.0243,54,65,60
1770618095.4301662,139.7152,33.40649,371.0243,57,85,60
1770618095.4301805,139.7152,33.40649,371.0243,57,105,60
1770618095.430195,139.7152,33.40649,371.0243,62,125,60
1770618095.4302094,139.7152,33.40649,371.0243,65,145,60
1770618095.4302237,139.7152,33.40649,371.0243,6,25,90
1770618095.430238,139.7152,33.40649,371.0243,6,45,90
1770618095.430252,139.7152,33.40649,371.0243,6,65,90
1770618095.4302657,139.7152,33.40649,371.0243,6,85,90
1770618095.4302795,139.7152,33.40649,371.0243,6,105,90
1770618095.4302936,139.7152,33.40649,371.0243,7,125,90
1770618095.4303074,139.7152,33.40649,371.0243,7,145,90
1770618095.430321,139.7152,33.40649,371.0243,47,25,120
1770618095.4303348,139.7152,33.40649,371.0243,43,45,120
1770618095.430349,139.7152,33.40649,371.0243,42,65,120
1770618095.4303627,139.7152,33.40649,371.0243,47,85,120
1770618095.4303768,139.7152,33.40649,371.0243,58,105,120
1770618095.4303906,139.7152,33.40649,371.0243,7,125,120
1770618095.4304047,139.7152,33.40649,371.0243,6,145,120
1770618271.7014625,12.75,0,0,91,25,60
1770618271.7014892,12.75,0,0,91,45,60
1770618271.701501,12.75,0,0,91,65,60
1770618271.7015119,12.75,0,0,62,85,60
1770618271.7015224,12.75,0,0,44,105,60
1770618271.701533,12.75,0,0,41,125,60
1770618271.7015436,12.75,0,0,41,145,60
1770618271.701554,12.75,0,0,42,25,90
1770618271.7015643,12.75,0,0,24,45,90
1770618271.7015755,12.75,0,0,36,65,90
1770618271.7015858,12.75,0,0,38,85,90
1770618271.7015963,12.75,0,0,41,105,90
1770618271.701607,12.75,0,0,40,125,90
1770618271.701617,12.75,0,0,40,145,90
1770618271.7016277,12.75,0,0,37,25,120
1770618271.7016382,12.75,0,0,24,45,120
1770618271.7016485,12.75,0,0,35,65,120
1770618271.701659,12.75,0,0,36,85,120
1770618271.7016692,12.75,0,0,40,105,120
1770618271.7016797,12.75,0,0,39,125,120
1770618271.7016902,12.75,0,0,40,145,120
1770618281.4057052,56.37889,15.86157,19.98283,155,25,60
1770618281.4057443,56.37889,15.86157,19.98283,76,45,60
1770618281.40576,56.37889,15.86157,19.98283,96,65,60
1770618281.405774,56.37889,15.86157,19.98283,200,85,60
1770618281.4057882,56.37889,15.86157,19.98283,130,105,60
1770618281.4058025,56.37889,15.86157,19.98283,29,125,60
1770618281.4058163,56.37889,15.86157,19.98283,28,145,60
1770618281.4058304,56.37889,15.86157,19.98283,16,25,90
1770618281.4058447,56.37889,15.86157,19.98283,40,45,90
1770618281.4058588,56.37889,15.86157,19.98283,200,65,90
1770618281.4058726,56.37889,15.86157,19.98283,24,85,90
1770618281.4058867,56.37889,15.86157,19.98283,29,105,90
1770618281.4059002,56.37889,15.86157,19.98283,28,125,90
1770618281.4059143,56.37889,15.86157,19.98283,26,145,90
1770618281.4059281,56.37889,15.86157,19.98283,15,25,120
1770618281.405942,56.37889,15.86157,19.98283,21,45,120
1770618281.4059556,56.37889,15.86157,19.98283,17,65,120
1770618281.4059696,56.37889,15.86157,19.98283,15,85,120
1770618281.4059834,56.37889,15.86157,19.98283,16,105,120
1770618281.4059973,56.37889,15.86157,19.98283,24,125,120
1770618281.406011,56.37889,15.86157,19.98283,23,145,120
1770618287.9677782,128.934,42.23945,19.98283,110,25,60
1770618287.9678078,128.934,42.23945,19.98283,75,45,60
1770618287.9678235,128.934,42.23945,19.98283,200,65,60
1770618287.967838,128.934,42.23945,19.98283,109,85,60
1770618287.9678519,128.934,42.23945,19.98283,165,105,60
1770618287.967866,128.934,42.23945,19.98283,31,125,60
1770618287.9678802,128.934,42.23945,19.98283,26,145,60
1770618287.967894,128.934,42.23945,19.98283,16,25,90
1770618287.9679077,128.934,42.23945,19.98283,74,45,90
1770618287.9679215,128.934,42.23945,19.98283,200,65,90
1770618287.9679375,128.934,42.23945,19.98283,16,85,90
1770618287.9679596,128.934,42.23945,19.98283,25,105,90
1770618287.9679747,128.934,42.23945,19.98283,26,125,90
1770618287.9679885,128.934,42.23945,19.98283,24,145,90
1770618287.9680023,128.934,42.23945,19.98283,16,25,120
1770618287.968016,128.934,42.23945,19.98283,200,45,120
1770618287.9680297,128.934,42.23945,19.98283,16,65,120
1770618287.9680436,128.934,42.23945,19.98283,16,85,120
1770618287.9680576,128.934,42.23945,19.98283,16,105,120
1770618287.9680715,128.934,42.23945,19.98283,29,125,120
1770618287.9680853,128.934,42.23945,19.98283,26,145,120
1770618297.776049,105.9815,33.91254,199.978,66,25,60
1770618297.7760804,105.9815,33.91254,199.978,50,45,60
1770618297.7760973,105.9815,33.91254,199.978,10,65,60
1770618297.7761147,105.9815,33.91254,199.978,61,85,60
1770618297.776129,105.9815,33.91254,199.978,57,105,60
1770618297.7761428,105.9815,33.91254,199.978,42,125,60
1770618297.7761567,105.9815,33.91254,199.978,39,145,60
1770618297.7761705,105.9815,33.91254,199.978,9,25,90
1770618297.7761846,105.9815,33.91254,199.978,9,45,90
1770618297.7761984,105.9815,33.91254,199.978,5,65,90
1770618297.7762117,105.9815,33.91254,199.978,6,85,90
1770618297.7762253,105.9815,33.91254,199.978,16,105,90
1770618297.7762392,105.9815,33.91254,199.978,66,125,90
1770618297.7762527,105.9815,33.91254,199.978,70,145,90
1770618297.7762666,105.9815,33.91254,199.978,7,25,120
1770618297.7762883,105.9815,33.91254,199.978,17,45,120
1770618297.7763019,105.9815,33.91254,199.978,6,65,120
1770618297.7763157,105.9815,33.91254,199.978,9,85,120
1770618297.7763293,105.9815,33.91254,199.978,11,105,120
1770618297.776343,105.9815,33.91254,199.978,72,125,120
1770618297.7763567,105.9815,33.91254,199.978,9,145,120
1770618319.2395093,91.40387,28.44579,379.8004,44,25,60
1770618319.2395399,91.40387,28.44579,379.8004,43,45,60
1770618319.239556,91.40387,28.44579,379.8004,44,65,60
1770618319.239571,91.40387,28.44579,379.8004,36,85,60
1770618319.239585,91.40387,28.44579,379.8004,37,105,60
1770618319.2395995,91.40387,28.44579,379.8004,60,125,60
1770618319.2396138,91.40387,28.44579,379.8004,50,145,60
1770618319.239628,91.40387,28.44579,379.8004,44,25,90
1770618319.2396417,91.40387,28.44579,379.8004,42,45,90
1770618319.239656,91.40387,28.44579,379.8004,42,65,90
1770618319.2396698,91.40387,28.44579,379.8004,44,85,90
1770618319.2396867,91.40387,28.44579,379.8004,55,105,90
1770618319.2397063,91.40387,28.44579,379.8004,47,125,90
1770618319.2397187,91.40387,28.44579,379.8004,27,145,90
1770618319.2397377,91.40387,28.44579,379.8004,44,25,120
1770618319.2397532,91.40387,28.44579,379.8004,42,45,120
1770618319.239767,91.40387,28.44579,379.8004,42,65,120
1770618319.2397814,91.40387,28.44579,379.8004,43,85,120
1770618319.2397957,91.40387,28.44579,379.8004,50,105,120
1770618319.23981,91.40387,28.44579,379.8004,49,125,120
1770618319.2398238,91.40387,28.44579,379.8004,26,145,120
1770618331.2189667,57.27593,16.30619,559.6865,3,25,60
1770618331.218997,57.27593,16.30619,559.6865,50,45,60
1770618331.219012,57.27593,16.30619,559.6865,5,65,60
1770618331.2190263,57.27593,16.30619,559.6865,3,85,60
1770618331.2190404,57.27593,16.30619,559.6865,3,105,60
1770618331.219055,57.27593,16.30619,559.6865,106,125,60
1770618331.2190688,57.27593,16.30619,559.6865,200,145,60
1770618331.2190833,57.27593,16.30619,559.6865,1,25,90
1770618331.2190971,57.27593,16.30619,559.6865,42,45,90
1770618331.2191188,57.27593,16.30619,559.6865,3,65,90
1770618331.2191331,57.27593,16.30619,559.6865,3,85,90
1770618331.2191467,57.27593,16.30619,559.6865,1,105,90
1770618331.2191603,57.27593,16.30619,559.6865,4,125,90
1770618331.2191744,57.27593,16.30619,559.6865,50,145,90
1770618331.2191882,57.27593,16.30619,559.6865,3,25,120
1770618331.219202,57.27593,16.30619,559.6865,16,45,120
1770618331.2192156,57.27593,16.30619,559.6865,5,65,120
1770618331.21923,57.27593,16.30619,559.6865,3,85,120
1770618331.2192435,57.27593,16.30619,559.6865,3,105,120
1770618331.2192576,57.27593,16.30619,559.6865,5,125,120
1770618331.2192714,57.27593,16.30619,559.6865,51,145,120
1770618346.4350102,73.09634,21.78041,739.2263,60,25,60
1770618346.4350405,73.09634,21.78041,739.2263,37,45,60
1770618346.4350562,73.09634,21.78041,739.2263,59,65,60
1770618346.4350703,73.09634,21.78041,739.2263,167,85,60
1770618346.435085,73.09634,21.78041,739.2263,99,105,60
1770618346.435099,73.09634,21.78041,739.2263,200,125,60
1770618346.4351127,73.09634,21.78041,739.2263,200,145,60
1770618346.435127,73.09634,21.78041,739.2263,41,25,90
1770618346.4351406,73.09634,21.78041,739.2263,35,45,90
1770618346.4351552,73.09634,21.78041,739.2263,16,65,90
1770618346.435169,73.09634,21.78041,739.2263,41,85,90
1770618346.4351826,73.09634,21.78041,739.2263,200,105,90
1770618346.4351966,73.09634,21.78041,739.2263,30,125,90
1770618346.4352107,73.09634,21.78041,739.2263,19,145,90
1770618346.4352245,73.09634,21.78041,739.2263,17,25,120
1770618346.4352381,73.09634,21.78041,739.2263,16,45,120
1770618346.4352522,73.09634,21.78041,739.2263,17,65,120
1770618346.4352663,73.09634,21.78041,739.2263,18,85,120
1770618346.43528,73.09634,21.78041,739.2263,17,105,120
1770618346.4352937,73.09634,21.78041,739.2263,17,125,120
1770618346.4353113,73.09634,21.78041,739.2263,17,145,120
1770618355.9473176,79.54211,33.30993,780.9393,124,25,60
1770618355.9473436,79.54211,33.30993,780.9393,163,45,60
1770618355.9473581,79.54211,33.30993,780.9393,118,65,60
1770618355.947371,79.54211,33.30993,780.9393,163,85,60
1770618355.9473827,79.54211,33.30993,780.9393,165,105,60
1770618355.947398,79.54211,33.30993,780.9393,139,125,60
1770618355.947415,79.54211,33.30993,780.9393,140,145,60
1770618355.9474292,79.54211,33.30993,780.9393,79,25,90
1770618355.947443,79.54211,33.30993,780.9393,79,45,90
1770618355.9474573,79.54211,33.30993,780.9393,79,65,90
1770618355.9474714,79.54211,33.30993,780.9393,80,85,90
1770618355.9474852,79.54211,33.30993,780.9393,79,105,90
1770618355.947499,79.54211,33.30993,780.9393,79,125,90
1770618355.9475126,79.54211,33.30993,780.9393,79,145,90
1770618355.9475265,79.54211,33.30993,780.9393,200,25,120
1770618355.9475465,79.54211,33.30993,780.9393,200,45,120
1770618355.947558,79.54211,33.30993,780.9393,200,65,120
1770618355.9475765,79.54211,33.30993,780.9393,200,85,120
1770618355.9475923,79.54211,33.30993,780.9393,200,105,120
1770618355.9476066,79.54211,33.30993,780.9393,200,125,120
1770618355.9476206,79.54211,33.30993,780.9393,200,145,120
1770618364.8400714,131.8797,126.9261,780.9393,200,25,60
1770618364.8401008,131.8797,126.9261,780.9393,200,45,60
1770618364.8401167,131.8797,126.9261,780.9393,200,65,60
1770618364.8401313,131.8797,126.9261,780.9393,159,85,60
1770618364.8401458,131.8797,126.9261,780.9393,200,105,60
1770618364.84016,131.8797,126.9261,780.9393,183,125,60
1770618364.8401742,131.8797,126.9261,780.9393,200,145,60
1770618364.8401878,131.8797,126.9261,780.9393,200,25,90
1770618364.840202,131.8797,126.9261,780.9393,200,45,90
1770618364.8402164,131.8797,126.9261,780.9393,200,65,90
1770618364.8402302,131.8797,126.9261,780.9393,200,85,90
1770618364.8402443,131.8797,126.9261,780.9393,200,105,90
1770618364.8402581,131.8797,126.9261,780.9393,200,125,90
1770618364.840272,131.8797,126.9261,780.9393,200,145,90
1770618364.8402858,131.8797,126.9261,780.9393,16,25,120
1770618364.8402998,131.8797,126.9261,780.9393,16,45,120
1770618364.8403137,131.8797,126.9261,780.9393,16,65,120
1770618364.8403277,131.8797,126.9261,780.9393,16,85,120
1770618364.8403416,131.8797,126.9261,780.9393,16,105,120
1770618364.8403556,131.8797,126.9261,780.9393,16,125,120
1770618364.8403695,131.8797,126.9261,780.9393,16,145,120
1770618373.8810215,125.5916,115.7906,960.7282,51,25,60
1770618373.8810515,125.5916,115.7906,960.7282,48,45,60
1770618373.8810673,125.5916,115.7906,960.7282,50,65,60
1770618373.881082,125.5916,115.7906,960.7282,51,85,60
1770618373.8810966,125.5916,115.7906,960.7282,69,105,60
1770618373.8811107,125.5916,115.7906,960.7282,66,125,60
1770618373.8811252,125.5916,115.7906,960.7282,90,145,60
1770618373.8811393,125.5916,115.7906,960.7282,72,25,90
1770618373.8811533,125.5916,115.7906,960.7282,48,45,90
1770618373.8811677,125.5916,115.7906,960.7282,49,65,90
1770618373.8811815,125.5916,115.7906,960.7282,58,85,90
1770618373.8811953,125.5916,115.7906,960.7282,57,105,90
1770618373.8812091,125.5916,115.7906,960.7282,38,125,90
1770618373.8812232,125.5916,115.7906,960.7282,51,145,90
1770618373.881237,125.5916,115.7906,960.7282,60,25,120
1770618373.881251,125.5916,115.7906,960.7282,47,45,120
1770618373.881265,125.5916,115.7906,960.7282,49,65,120
1770618373.881279,125.5916,115.7906,960.7282,51,85,120
1770618373.8812928,125.5916,115.7906,960.7282,57,105,120
1770618373.8813071,125.5916,115.7906,960.7282,36,125,120
1770618373.8813212,125.5916,115.7906,960.7282,31,145,120
1770618563.2711015,12.75,0,0,17,25,60
1770618563.2711294,12.75,0,0,14,45,60
1770618563.2711415,12.75,0,0,14,65,60
1770618563.2711532,12.75,0,0,63,85,60
1770618563.2711635,12.75,0,0,63,105,60
1770618563.2711742,12.75,0,0,58,125,60
1770618563.271185,12.75,0,0,128,145,60
1770618563.2711966,12.75,0,0,61,25,90
1770618563.2712138,12.75,0,0,13,45,90
1770618563.2712243,12.75,0,0,13,65,90
1770618563.2712348,12.75,0,0,16,85,90
1770618563.2712455,12.75,0,0,45,105,90
1770618563.2712557,12.75,0,0,44,125,90
1770618563.2712662,12.75,0,0,46,145,90
1770618563.271277,12.75,0,0,17,25,120
1770618563.271287,12.75,0,0,16,45,120
1770618563.2712975,12.75,0,0,14,65,120
1770618563.271308,12.75,0,0,17,85,120
1770618563.2713182,12.75,0,0,38,105,120
1770618563.271329,12.75,0,0,40,125,120
1770618563.271339,12.75,0,0,38,145,120
1770618571.488625,34.96725,15.32803,34.60892,114,25,60
1770618571.4886591,34.96725,15.32803,34.60892,134,45,60
1770618571.4886763,34.96725,15.32803,34.60892,200,65,60
1770618571.488691,34.96725,15.32803,34.60892,200,85,60
1770618571.4887059,34.96725,15.32803,34.60892,109,105,60
1770618571.4887207,34.96725,15.32803,34.60892,200,125,60
1770618571.488735,34.96725,15.32803,34.60892,200,145,60
1770618571.4887521,34.96725,15.32803,34.60892,45,25,90
1770618571.4887702,34.96725,15.32803,34.60892,45,45,90
1770618571.4887831,34.96725,15.32803,34.60892,45,65,90
1770618571.4887953,34.96725,15.32803,34.60892,45,85,90
1770618571.4888136,34.96725,15.32803,34.60892,45,105,90
1770618571.4888287,34.96725,15.32803,34.60892,45,125,90
1770618571.4888427,34.96725,15.32803,34.60892,45,145,90
1770618571.4888568,34.96725,15.32803,34.60892,16,25,120
1770618571.4888706,34.96725,15.32803,34.60892,16,45,120
1770618571.4888847,34.96725,15.32803,34.60892,16,65,120
1770618571.4888992,34.96725,15.32803,34.60892,16,85,120
1770618571.4889138,34.96725,15.32803,34.60892,16,105,120
1770618571.4889276,34.96725,15.32803,34.60892,16,125,120
1770618571.488942,34.96725,15.32803,34.60892,16,145,120
1770618578.5282578,96.64452,57.88013,34.60892,200,25,60
1770618578.5282884,96.64452,57.88013,34.60892,200,45,60
1770618578.5283036,96.64452,57.88013,34.60892,200,65,60
1770618578.5283182,96.64452,57.88013,34.60892,200,85,60
1770618578.5283325,96.64452,57.88013,34.60892,200,105,60
1770618578.5283463,96.64452,57.88013,34.60892,200,125,60
1770618578.5283601,96.64452,57.88013,34.60892,200,145,60
1770618578.528374,96.64452,57.88013,34.60892,63,25,90
1770618578.5283883,96.64452,57.88013,34.60892,6,45,90
1770618578.528402,96.64452,57.88013,34.60892,6,65,90
1770618578.5284154,96.64452,57.88013,34.60892,200,85,90
1770618578.5284297,96.64452,57.88013,34.60892,5,105,90
1770618578.5284436,96.64452,57.88013,34.60892,3,125,90
1770618578.5284572,96.64452,57.88013,34.60892,49,145,90
1770618578.5284708,96.64452,57.88013,34.60892,4,25,120
1770618578.5284848,96.64452,57.88013,34.60892,2,45,120
1770618578.5284986,96.64452,57.88013,34.60892,3,65,120
1770618578.5285125,96.64452,57.88013,34.60892,3,85,120
1770618578.5285263,96.64452,57.88013,34.60892,200,105,120
1770618578.5285406,96.64452,57.88013,34.60892,2,125,120
1770618578.5285544,96.64452,57.88013,34.60892,37,145,120
1770619685.1585784,12.75,0,0,72,25,60
1770619685.1586044,12.75,0,0,78,45,60
1770619685.1586146,12.75,0,0,16,65,60
1770619685.158624,12.75,0,0,51,85,60
1770619685.1586328,12.75,0,0,82,105,60
1770619685.1586413,12.75,0,0,97,125,60
1770619685.1586504,12.75,0,0,82,145,60
1770619685.158659,12.75,0,0,40,25,90
1770619685.1586673,12.75,0,0,74,45,90
1770619685.1586761,12.75,0,0,45,65,90
1770619685.1586847,12.75,0,0,41,85,90
1770619685.1586928,12.75,0,0,40,105,90
1770619685.1587014,12.75,0,0,41,125,90
1770619685.15871,12.75,0,0,58,145,90
1770619685.1587183,12.75,0,0,41,25,120
1770619685.158727,12.75,0,0,44,45,120
1770619685.1587353,12.75,0,0,45,65,120
1770619685.1587439,12.75,0,0,45,85,120
1770619685.1587524,12.75,0,0,32,105,120
1770619685.1587613,12.75,0,0,41,125,120
1770619685.1587698,12.75,0,0,44,145,120
1770619693.603943,35.88028,15.95795,34.60892,59,25,60
1770619693.603973,35.88028,15.95795,34.60892,60,45,60
1770619693.603988,35.88028,15.95795,34.60892,59,65,60
1770619693.6040025,35.88028,15.95795,34.60892,59,85,60
1770619693.6040175,35.88028,15.95795,34.60892,60,105,60
1770619693.604032,35.88028,15.95795,34.60892,27,125,60
1770619693.6040456,35.88028,15.95795,34.60892,61,145,60
1770619693.6040597,35.88028,15.95795,34.60892,58,25,90
1770619693.6040735,35.88028,15.95795,34.60892,58,45,90
1770619693.604088,35.88028,15.95795,34.60892,59,65,90
1770619693.6041017,35.88028,15.95795,34.60892,58,85,90
1770619693.6041157,35.88028,15.95795,34.60892,37,105,90
1770619693.60413,35.88028,15.95795,34.60892,26,125,90
1770619693.6041436,35.88028,15.95795,34.60892,34,145,90
1770619693.6041574,35.88028,15.95795,34.60892,25,25,120
1770619693.6041715,35.88028,15.95795,34.60892,19,45,120
1770619693.604191,35.88028,15.95795,34.60892,27,65,120
1770619693.6042027,35.88028,15.95795,34.60892,38,85,120
1770619693.6042135,35.88028,15.95795,34.60892,43,105,120
1770619693.6042316,35.88028,15.95795,34.60892,28,125,120
1770619693.6042469,35.88028,15.95795,34.60892,29,145,120
1770619699.4214728,91.46014,54.30335,34.60892,54,25,60
1770619699.4215024,91.46014,54.30335,34.60892,58,45,60
1770619699.4215176,91.46014,54.30335,34.60892,55,65,60
1770619699.4215322,91.46014,54.30335,34.60892,54,85,60
1770619699.4215462,91.46014,54.30335,34.60892,55,105,60
1770619699.4215608,91.46014,54.30335,34.60892,64,125,60
1770619699.4215746,91.46014,54.30335,34.60892,80,145,60
1770619699.4215884,91.46014,54.30335,34.60892,53,25,90
1770619699.4216022,91.46014,54.30335,34.60892,56,45,90
1770619699.4216163,91.46014,54.30335,34.60892,54,65,90
1770619699.4216301,91.46014,54.30335,34.60892,53,85,90
1770619699.4216437,91.46014,54.30335,34.60892,31,105,90
1770619699.4216578,91.46014,54.30335,34.60892,22,125,90
1770619699.4216821,91.46014,54.30335,34.60892,21,145,90
1770619699.4217024,91.46014,54.30335,34.60892,20,25,120
1770619699.421717,91.46014,54.30335,34.60892,18,45,120
1770619699.4217305,91.46014,54.30335,34.60892,17,65,120
1770619699.4217448,91.46014,54.30335,34.60892,20,85,120
1770619699.4217587,91.46014,54.30335,34.60892,22,105,120
1770619699.4217725,91.46014,54.30335,34.60892,22,125,120
1770619699.4217865,91.46014,54.30335,34.60892,22,145,120
1770619707.8512452,91.46014,54.30335,213.3975,112,25,60
1770619707.851274,91.46014,54.30335,213.3975,63,45,60
1770619707.851293,91.46014,54.30335,213.3975,58,65,60
1770619707.8513172,91.46014,54.30335,213.3975,66,85,60
1770619707.8513408,91.46014,54.30335,213.3975,21,105,60
1770619707.8513596,91.46014,54.30335,213.3975,80,125,60
1770619707.8513732,91.46014,54.30335,213.3975,58,145,60
1770619707.8513875,91.46014,54.30335,213.3975,21,25,90
1770619707.8514013,91.46014,54.30335,213.3975,58,45,90
1770619707.8514159,91.46014,54.30335,213.3975,22,65,90
1770619707.8514295,91.46014,54.30335,213.3975,22,85,90
1770619707.8514433,91.46014,54.30335,213.3975,21,105,90
1770619707.851457,91.46014,54.30335,213.3975,29,125,90
1770619707.851471,91.46014,54.30335,213.3975,30,145,90
1770619707.8514843,91.46014,54.30335,213.3975,18,25,120
1770619707.8514981,91.46014,54.30335,213.3975,59,45,120
1770619707.8515117,91.46014,54.30335,213.3975,19,65,120
1770619707.8515258,91.46014,54.30335,213.3975,21,85,120
1770619707.8515396,91.46014,54.30335,213.3975,23,105,120
1770619707.8515534,91.46014,54.30335,213.3975,13,125,120
1770619707.8515673,91.46014,54.30335,213.3975,16,145,120
1770619713.7949312,30.0016,13.84471,213.3975,85,25,60
1770619713.7949607,30.0016,13.84471,213.3975,58,45,60
1770619713.794976,30.0016,13.84471,213.3975,83,65,60
1770619713.79499,30.0016,13.84471,213.3975,85,85,60
1770619713.795004,30.0016,13.84471,213.3975,200,105,60
1770619713.7950182,30.0016,13.84471,213.3975,83,125,60
1770619713.795032,30.0016,13.84471,213.3975,61,145,60
1770619713.795046,30.0016,13.84471,213.3975,18,25,90
1770619713.7950597,30.0016,13.84471,213.3975,33,45,90
1770619713.7950733,30.0016,13.84471,213.3975,21,65,90
1770619713.795087,30.0016,13.84471,213.3975,19,85,90
1770619713.7951005,30.0016,13.84471,213.3975,17,105,90
1770619713.7951174,30.0016,13.84471,213.3975,17,125,90
1770619713.795133,30.0016,13.84471,213.3975,31,145,90
1770619713.7951436,30.0016,13.84471,213.3975,18,25,120
1770619713.7951589,30.0016,13.84471,213.3975,42,45,120
1770619713.7951727,30.0016,13.84471,213.3975,20,65,120
1770619713.795185,30.0016,13.84471,213.3975,17,85,120
1770619713.795199,30.0016,13.84471,213.3975,18,105,120
1770619713.7952127,30.0016,13.84471,213.3975,19,125,120
1770619713.7952263,30.0016,13.84471,213.3975,26,145,120
1770619722.250279,28.62483,22.22386,99.34959,58,25,60
1770619722.250308,28.62483,22.22386,99.34959,52,45,60
1770619722.2503233,28.62483,22.22386,99.34959,51,65,60
1770619722.2503383,28.62483,22.22386,99.34959,41,85,60
1770619722.2503524,28.62483,22.22386,99.34959,37,105,60
1770619722.2503667,28.62483,22.22386,99.34959,67,125,60
1770619722.2503805,28.62483,22.22386,99.34959,75,145,60
1770619722.250397,28.62483,22.22386,99.34959,34,25,90
1770619722.250411,28.62483,22.22386,99.34959,60,45,90
1770619722.2504246,28.62483,22.22386,99.34959,27,65,90
1770619722.2504387,28.62483,22.22386,99.34959,35,85,90
1770619722.2504525,28.62483,22.22386,99.34959,34,105,90
1770619722.2504668,28.62483,22.22386,99.34959,70,125,90
1770619722.2504804,28.62483,22.22386,99.34959,65,145,90
1770619722.2504942,28.62483,22.22386,99.34959,28,25,120
1770619722.250508,28.62483,22.22386,99.34959,61,45,120
1770619722.2505217,28.62483,22.22386,99.34959,25,65,120
1770619722.2505357,28.62483,22.22386,99.34959,26,85,120
1770619722.2505498,28.62483,22.22386,99.34959,26,105,120
1770619722.2505636,28.62483,22.22386,99.34959,29,125,120
1770619722.2505772,28.62483,22.22386,99.34959,61,145,120
1770619727.0069566,28.62483,22.22386,99.34959,44,25,60
1770619727.0069876,28.62483,22.22386,99.34959,82,45,60
1770619727.007004,28.62483,22.22386,99.34959,63,65,60
1770619727.0070188,28.62483,22.22386,99.34959,82,85,60
1770619727.0070336,28.62483,22.22386,99.34959,73,105,60
1770619727.0070481,28.62483,22.22386,99.34959,58,125,60
1770619727.0070624,28.62483,22.22386,99.34959,61,145,60
1770619727.0070763,28.62483,22.22386,99.34959,36,25,90
1770619727.0070903,28.62483,22.22386,99.34959,61,45,90
1770619727.0071044,28.62483,22.22386,99.34959,26,65,90
1770619727.0071182,28.62483,22.22386,99.34959,41,85,90
1770619727.0071325,28.62483,22.22386,99.34959,30,105,90
1770619727.0071464,28.62483,22.22386,99.34959,63,125,90
1770619727.0071597,28.62483,22.22386,99.34959,64,145,90
1770619727.0071738,28.62483,22.22386,99.34959,51,25,120
1770619727.007188,28.62483,22.22386,99.34959,61,45,120
1770619727.007202,28.62483,22.22386,99.34959,25,65,120
1770619727.0072162,28.62483,22.22386,99.34959,35,85,120
1770619727.0072298,28.62483,22.22386,99.34959,27,105,120
1770619727.0072439,28.62483,22.22386,99.34959,29,125,120
1770619727.007258,28.62483,22.22386,99.34959,61,145,120
1770619731.4363534,28.62483,22.22386,99.34959,79,25,60
1770619731.4363837,28.62483,22.22386,99.34959,101,45,60
1770619731.4364002,28.62483,22.22386,99.34959,66,65,60
1770619731.436415,28.62483,22.22386,99.34959,71,85,60
1770619731.436429,28.62483,22.22386,99.34959,67,105,60
1770619731.4364429,28.62483,22.22386,99.34959,60,125,60
1770619731.436457,28.62483,22.22386,99.34959,81,145,60
1770619731.4364705,28.62483,22.22386,99.34959,33,25,90
1770619731.4364843,28.62483,22.22386,99.34959,52,45,90
1770619731.4364982,28.62483,22.22386,99.34959,27,65,90
1770619731.436512,28.62483,22.22386,99.34959,37,85,90
1770619731.4365258,28.62483,22.22386,99.34959,30,105,90
1770619731.4365394,28.62483,22.22386,99.34959,73,125,90
1770619731.4365535,28.62483,22.22386,99.34959,64,145,90
1770619731.436567,28.62483,22.22386,99.34959,30,25,120
1770619731.4365804,28.62483,22.22386,99.34959,61,45,120
1770619731.4365942,28.62483,22.22386,99.34959,25,65,120
1770619731.4366083,28.62483,22.22386,99.34959,60,85,120
1770619731.4366221,28.62483,22.22386,99.34959,29,105,120
1770619731.436636,28.62483,22.22386,99.34959,30,125,120
1770619731.4366496,28.62483,22.22386,99.34959,63,145,120
1770619737.0823824,28.62483,22.22386,99.34959,58,25,60
1770619737.0824125,28.62483,22.22386,99.34959,84,45,60
1770619737.082428,28.62483,22.22386,99.34959,63,65,60
1770619737.0824428,28.62483,22.22386,99.34959,58,85,60
1770619737.0824566,28.62483,22.22386,99.34959,59,105,60
1770619737.082471,28.62483,22.22386,99.34959,67,125,60
1770619737.0824847,28.62483,22.22386,99.34959,68,145,60
1770619737.0824986,28.62483,22.22386,99.34959,32,25,90
1770619737.0825124,28.62483,22.22386,99.34959,61,45,90
1770619737.0825448,28.62483,22.22386,99.34959,27,65,90
1770619737.0825586,28.62483,22.22386,99.34959,33,85,90
1770619737.0825722,28.62483,22.22386,99.34959,31,105,90
1770619737.082586,28.62483,22.22386,99.34959,74,125,90
1770619737.0825999,28.62483,22.22386,99.34959,68,145,90
1770619737.0826137,28.62483,22.22386,99.34959,60,25,120
1770619737.0826273,28.62483,22.22386,99.34959,61,45,120
1770619737.0826414,28.62483,22.22386,99.34959,25,65,120
1770619737.0826554,28.62483,22.22386,99.34959,59,85,120
1770619737.0826693,28.62483,22.22386,99.34959,29,105,120
1770619737.0826833,28.62483,22.22386,99.34959,31,125,120
1770619737.0826972,28.62483,22.22386,99.34959,63,145,120
1770619742.9652045,28.62483,22.22386,99.34959,58,25,60
1770619742.9652333,28.62483,22.22386,99.34959,82,45,60
1770619742.9652486,28.62483,22.22386,99.34959,62,65,60
1770619742.9652631,28.62483,22.22386,99.34959,58,85,60
1770619742.965277,28.62483,22.22386,99.34959,72,105,60
1770619742.965291,28.62483,22.22386,99.34959,67,125,60
1770619742.9653049,28.62483,22.22386,99.34959,58,145,60
1770619742.965319,28.62483,22.22386,99.34959,35,25,90
1770619742.965333,28.62483,22.22386,99.34959,51,45,90
1770619742.9653502,28.62483,22.22386,99.34959,27,65,90
1770619742.9653707,28.62483,22.22386,99.34959,36,85,90
1770619742.9653816,28.62483,22.22386,99.34959,30,105,90
1770619742.9653924,28.62483,22.22386,99.34959,43,125,90
1770619742.965412,28.62483,22.22386,99.34959,40,145,90
1770619742.9654264,28.62483,22.22386,99.34959,71,25,120
1770619742.9654408,28.62483,22.22386,99.34959,61,45,120
1770619742.9654546,28.62483,22.22386,99.34959,26,65,120
1770619742.965469,28.62483,22.22386,99.34959,51,85,120
1770619742.9654825,28.62483,22.22386,99.34959,38,105,120
1770619742.9654965,28.62483,22.22386,99.34959,39,125,120
1770619742.9655106,28.62483,22.22386,99.34959,45,145,120
1770619817.4967403,12.75,0,0,81,25,60
1770619817.4967668,12.75,0,0,79,45,60
1770619817.4967782,12.75,0,0,106,65,60
1770619817.4967895,12.75,0,0,103,85,60
1770619817.4968004,12.75,0,0,91,105,60
1770619817.4968112,12.75,0,0,40,125,60
1770619817.4968214,12.75,0,0,90,145,60
1770619817.496832,12.75,0,0,37,25,90
1770619817.496842,12.75,0,0,59,45,90
1770619817.4968524,12.75,0,0,58,65,90
1770619817.4968626,12.75,0,0,35,85,90
1770619817.4968731,12.75,0,0,32,105,90
1770619817.4968836,12.75,0,0,38,125,90
1770619817.496894,12.75,0,0,37,145,90
1770619817.4969165,12.75,0,0,23,25,120
1770619817.496928,12.75,0,0,58,45,120
1770619817.496938,12.75,0,0,23,65,120
1770619817.4969482,12.75,0,0,20,85,120
1770619817.4969587,12.75,0,0,24,105,120
1770619817.4969692,12.75,0,0,29,125,120
1770619817.4969797,12.75,0,0,47,145,120
1770619823.673402,16.05391,5.630183,59.60593,74,25,60
1770619823.6734319,16.05391,5.630183,59.60593,110,45,60
1770619823.6734476,16.05391,5.630183,59.60593,75,65,60
1770619823.6734624,16.05391,5.630183,59.60593,73,85,60
1770619823.6734765,16.05391,5.630183,59.60593,74,105,60
1770619823.6734903,16.05391,5.630183,59.60593,93,125,60
1770619823.673504,16.05391,5.630183,59.60593,71,145,60
1770619823.673518,16.05391,5.630183,59.60593,62,25,90
1770619823.6735313,16.05391,5.630183,59.60593,45,45,90
1770619823.6735454,16.05391,5.630183,59.60593,50,65,90
1770619823.673559,16.05391,5.630183,59.60593,64,85,90
1770619823.6735725,16.05391,5.630183,59.60593,58,105,90
1770619823.6735866,16.05391,5.630183,59.60593,68,125,90
1770619823.6736004,16.05391,5.630183,59.60593,34,145,90
1770619823.6736143,16.05391,5.630183,59.60593,59,25,120
1770619823.673628,16.05391,5.630183,59.60593,44,45,120
1770619823.673642,16.05391,5.630183,59.60593,58,65,120
1770619823.6736557,16.05391,5.630183,59.60593,58,85,120
1770619823.6736698,16.05391,5.630183,59.60593,58,105,120
1770619823.6736834,16.05391,5.630183,59.60593,21,125,120
1770619823.6736972,16.05391,5.630183,59.60593,21,145,120
1770619829.4718819,43.61446,52.59603,59.60593,72,25,60
1770619829.471933,43.61446,52.59603,59.60593,109,45,60
1770619829.471946,43.61446,52.59603,59.60593,75,65,60
1770619829.4719589,43.61446,52.59603,59.60593,73,85,60
1770619829.471972,43.61446,52.59603,59.60593,73,105,60
1770619829.4719844,43.61446,52.59603,59.60593,89,125,60
1770619829.472,43.61446,52.59603,59.60593,102,145,60
1770619829.4720118,43.61446,52.59603,59.60593,64,25,90
1770619829.4720228,43.61446,52.59603,59.60593,50,45,90
1770619829.4720337,43.61446,52.59603,59.60593,51,65,90
1770619829.4720438,43.61446,52.59603,59.60593,64,85,90
1770619829.472054,43.61446,52.59603,59.60593,60,105,90
1770619829.4720647,43.61446,52.59603,59.60593,70,125,90
1770619829.4720762,43.61446,52.59603,59.60593,35,145,90
1770619829.4720874,43.61446,52.59603,59.60593,72,25,120
1770619829.4720979,43.61446,52.59603,59.60593,48,45,120
1770619829.4721098,43.61446,52.59603,59.60593,18,65,120
1770619829.472126,43.61446,52.59603,59.60593,72,85,120
1770619829.4721382,43.61446,52.59603,59.60593,20,105,120
1770619829.4721484,43.61446,52.59603,59.60593,21,125,120
1770619829.472159,43.61446,52.59603,59.60593,23,145,120
1770619837.4473627,40.86744,47.92519,239.5845,60,25,60
1770619837.4473915,40.86744,47.92519,239.5845,40,45,60
1770619837.447407,40.86744,47.92519,239.5845,40,65,60
1770619837.4474223,40.86744,47.92519,239.5845,60,85,60
1770619837.4474366,40.86744,47.92519,239.5845,60,105,60
1770619837.4474506,40.86744,47.92519,239.5845,61,125,60
1770619837.4474647,40.86744,47.92519,239.5845,21,145,60
1770619837.4474785,40.86744,47.92519,239.5845,25,25,90
1770619837.4474921,40.86744,47.92519,239.5845,35,45,90
1770619837.4475062,40.86744,47.92519,239.5845,34,65,90
1770619837.44752,40.86744,47.92519,239.5845,26,85,90
1770619837.4475338,40.86744,47.92519,239.5845,28,105,90
1770619837.4475477,40.86744,47.92519,239.5845,31,125,90
1770619837.4475613,40.86744,47.92519,239.5845,19,145,90
1770619837.4475749,40.86744,47.92519,239.5845,24,25,120
1770619837.4475887,40.86744,47.92519,239.5845,33,45,120
1770619837.4476025,40.86744,47.92519,239.5845,31,65,120
1770619837.4476166,40.86744,47.92519,239.5845,26,85,120
1770619837.4476304,40.86744,47.92519,239.5845,29,105,120
1770619837.4476445,40.86744,47.92519,239.5845,23,125,120
1770619837.4476583,40.86744,47.92519,239.5845,23,145,120
1770619842.1927133,12.96422,0.480438,239.5845,59,25,60
1770619842.192743,12.96422,0.480438,239.5845,40,45,60
1770619842.192759,12.96422,0.480438,239.5845,38,65,60
1770619842.192773,12.96422,0.480438,239.5845,59,85,60
1770619842.192787,12.96422,0.480438,239.5845,58,105,60
1770619842.1928012,12.96422,0.480438,239.5845,59,125,60
1770619842.1928155,12.96422,0.480438,239.5845,19,145,60
1770619842.1928296,12.96422,0.480438,239.5845,26,25,90
1770619842.1928434,12.96422,0.480438,239.5845,34,45,90
1770619842.1928577,12.96422,0.480438,239.5845,33,65,90
1770619842.192872,12.96422,0.480438,239.5845,26,85,90
1770619842.1928859,12.96422,0.480438,239.5845,32,105,90
1770619842.1929,12.96422,0.480438,239.5845,30,125,90
1770619842.1929133,12.96422,0.480438,239.5845,19,145,90
1770619842.1929271,12.96422,0.480438,239.5845,29,25,120
1770619842.1929417,12.96422,0.480438,239.5845,20,45,120
1770619842.1929555,12.96422,0.480438,239.5845,32,65,120
1770619842.1929748,12.96422,0.480438,239.5845,30,85,120
1770619842.192987,12.96422,0.480438,239.5845,28,105,120
1770619842.1930058,12.96422,0.480438,239.5845,26,125,120
1770619842.1930213,12.96422,0.480438,239.5845,21,145,120
1770619865.0823123,12.75,0,0,58,25,60
1770619865.0823417,12.75,0,0,55,45,60
1770619865.0823545,12.75,0,0,55,65,60
1770619865.0823662,12.75,0,0,93,85,60
1770619865.0823774,12.75,0,0,108,105,60
1770619865.0823889,12.75,0,0,56,125,60
1770619865.0823996,12.75,0,0,57,145,60
1770619865.0824106,12.75,0,0,46,25,90
1770619865.082435,12.75,0,0,49,45,90
1770619865.0824525,12.75,0,0,70,65,90
1770619865.0824616,12.75,0,0,58,85,90
1770619865.08247,12.75,0,0,51,105,90
1770619865.082479,12.75,0,0,51,125,90
1770619865.0824888,12.75,0,0,55,145,90
1770619865.0824978,12.75,0,0,105,25,120
1770619865.0825067,12.75,0,0,17,45,120
1770619865.0825226,12.75,0,0,64,65,120
1770619865.0825357,12.75,0,0,200,85,120
1770619865.0825462,12.75,0,0,51,105,120
1770619865.0825572,12.75,0,0,50,125,120
1770619865.082568,12.75,0,0,36,145,120
1770619873.2720823,46.08831,12.6975,20.85417,71,25,60
1770619873.272112,46.08831,12.6975,20.85417,47,45,60
1770619873.2721267,46.08831,12.6975,20.85417,51,65,60
1770619873.2721412,46.08831,12.6975,20.85417,54,85,60
1770619873.2721553,46.08831,12.6975,20.85417,73,105,60
1770619873.2721894,46.08831,12.6975,20.85417,71,125,60
1770619873.272203,46.08831,12.6975,20.85417,62,145,60
1770619873.272217,46.08831,12.6975,20.85417,54,25,90
1770619873.2722356,46.08831,12.6975,20.85417,45,45,90
1770619873.2722826,46.08831,12.6975,20.85417,53,65,90
1770619873.2722974,46.08831,12.6975,20.85417,61,85,90
1770619873.272311,46.08831,12.6975,20.85417,51,105,90
1770619873.2723248,46.08831,12.6975,20.85417,47,125,90
1770619873.2723386,46.08831,12.6975,20.85417,56,145,90
1770619873.272353,46.08831,12.6975,20.85417,58,25,120
1770619873.2723665,46.08831,12.6975,20.85417,55,45,120
1770619873.2723804,46.08831,12.6975,20.85417,52,65,120
1770619873.2723944,46.08831,12.6975,20.85417,59,85,120
1770619873.2724082,46.08831,12.6975,20.85417,45,105,120
1770619873.272422,46.08831,12.6975,20.85417,50,125,120
1770619873.272436,46.08831,12.6975,20.85417,53,145,120
1770619884.8325732,21.08446,3.192574,200.8516,73,25,60
1770619884.832602,21.08446,3.192574,200.8516,45,45,60
1770619884.8326173,21.08446,3.192574,200.8516,31,65,60
1770619884.8326318,21.08446,3.192574,200.8516,73,85,60
1770619884.832646,21.08446,3.192574,200.8516,98,105,60
1770619884.8326595,21.08446,3.192574,200.8516,98,125,60
1770619884.832676,21.08446,3.192574,200.8516,200,145,60
1770619884.8326867,21.08446,3.192574,200.8516,21,25,90
1770619884.8326976,21.08446,3.192574,200.8516,36,45,90
1770619884.8327084,21.08446,3.192574,200.8516,36,65,90
1770619884.8327188,21.08446,3.192574,200.8516,66,85,90
1770619884.8327296,21.08446,3.192574,200.8516,75,105,90
1770619884.8327408,21.08446,3.192574,200.8516,20,125,90
1770619884.8327544,21.08446,3.192574,200.8516,26,145,90
1770619884.8327684,21.08446,3.192574,200.8516,26,25,120
1770619884.8327823,21.08446,3.192574,200.8516,21,45,120
1770619884.8327963,21.08446,3.192574,200.8516,30,65,120
1770619884.8328104,21.08446,3.192574,200.8516,24,85,120
1770619884.8328242,21.08446,3.192574,200.8516,22,105,120
1770619884.8328383,21.08446,3.192574,200.8516,19,125,120
1770619884.832852,21.08446,3.192574,200.8516,23,145,120
1770619889.3737988,21.08446,3.192574,200.8516,73,25,60
1770619889.373848,21.08446,3.192574,200.8516,46,45,60
1770619889.3738635,21.08446,3.192574,200.8516,29,65,60
1770619889.373878,21.08446,3.192574,200.8516,31,85,60
1770619889.3738918,21.08446,3.192574,200.8516,82,105,60
1770619889.3739061,21.08446,3.192574,200.8516,97,125,60
1770619889.3739204,21.08446,3.192574,200.8516,200,145,60
1770619889.3739345,21.08446,3.192574,200.8516,20,25,90
1770619889.3739483,21.08446,3.192574,200.8516,40,45,90
1770619889.3739624,21.08446,3.192574,200.8516,27,65,90
1770619889.3739765,21.08446,3.192574,200.8516,20,85,90
1770619889.37399,21.08446,3.192574,200.8516,17,105,90
1770619889.3740034,21.08446,3.192574,200.8516,88,125,90
1770619889.3740175,21.08446,3.192574,200.8516,23,145,90
1770619889.3740313,21.08446,3.192574,200.8516,23,25,120
1770619889.3740478,21.08446,3.192574,200.8516,21,45,120
1770619889.3740616,21.08446,3.192574,200.8516,29,65,120
1770619889.3740754,21.08446,3.192574,200.8516,25,85,120
1770619889.3740892,21.08446,3.192574,200.8516,19,105,120
1770619889.374103,21.08446,3.192574,200.8516,18,125,120
1770619889.374117,21.08446,3.192574,200.8516,21,145,120
1770619894.4229705,21.08446,3.192574,200.8516,29,25,60
1770619894.4230008,21.08446,3.192574,200.8516,38,45,60
1770619894.4230163,21.08446,3.192574,200.8516,66,65,60
1770619894.4230309,21.08446,3.192574,200.8516,72,85,60
1770619894.4230447,21.08446,3.192574,200.8516,97,105,60
1770619894.423059,21.08446,3.192574,200.8516,96,125,60
1770619894.423076,21.08446,3.192574,200.8516,101,145,60
1770619894.4230897,21.08446,3.192574,200.8516,26,25,90
1770619894.423104,21.08446,3.192574,200.8516,46,45,90
1770619894.4231176,21.08446,3.192574,200.8516,27,65,90
1770619894.4231317,21.08446,3.192574,200.8516,20,85,90
1770619894.4231453,21.08446,3.192574,200.8516,77,105,90
1770619894.4231596,21.08446,3.192574,200.8516,21,125,90
1770619894.4231732,21.08446,3.192574,200.8516,21,145,90
1770619894.4231868,21.08446,3.192574,200.8516,25,25,120
1770619894.4232008,21.08446,3.192574,200.8516,21,45,120
1770619894.4232147,21.08446,3.192574,200.8516,29,65,120
1770619894.4232287,21.08446,3.192574,200.8516,24,85,120
1770619894.4232423,21.08446,3.192574,200.8516,23,105,120
1770619894.423256,21.08446,3.192574,200.8516,24,125,120
1770619894.42327,21.08446,3.192574,200.8516,18,145,120
1770619924.2810295,7.07625,0.003613,179.9976,102,25,60
1770619924.2810612,7.07625,0.003613,179.9976,22,45,60
1770619924.2810764,7.07625,0.003613,179.9976,41,65,60
1770619924.2810898,7.07625,0.003613,179.9976,44,85,60
1770619924.2811036,7.07625,0.003613,179.9976,61,105,60
1770619924.2811165,7.07625,0.003613,179.9976,76,125,60
1770619924.2811294,7.07625,0.003613,179.9976,101,145,60
1770619924.2811415,7.07625,0.003613,179.9976,20,25,90
1770619924.2811522,7.07625,0.003613,179.9976,23,45,90
1770619924.2811635,7.07625,0.003613,179.9976,23,65,90
1770619924.2811744,7.07625,0.003613,179.9976,21,85,90
1770619924.2811863,7.07625,0.003613,179.9976,20,105,90
1770619924.2811983,7.07625,0.003613,179.9976,22,125,90
1770619924.28121,7.07625,0.003613,179.9976,20,145,90
1770619924.2812214,7.07625,0.003613,179.9976,25,25,120
1770619924.281233,7.07625,0.003613,179.9976,200,45,120
1770619924.281246,7.07625,0.003613,179.9976,65,65,120
1770619924.2812579,7.07625,0.003613,179.9976,22,85,120
1770619924.2812705,7.07625,0.003613,179.9976,22,105,120
1770619924.2812831,7.07625,0.003613,179.9976,64,125,120
1770619924.281295,7.07625,0.003613,179.9976,118,145,120
1770619932.9622006,17.66199,1.937828,10.35675,23,25,60
1770619932.9622302,17.66199,1.937828,10.35675,51,45,60
1770619932.9622455,17.66199,1.937828,10.35675,60,65,60
1770619932.9622602,17.66199,1.937828,10.35675,23,85,60
1770619932.9622746,17.66199,1.937828,10.35675,30,105,60
1770619932.9622889,17.66199,1.937828,10.35675,33,125,60
1770619932.962303,17.66199,1.937828,10.35675,41,145,60
1770619932.9623168,17.66199,1.937828,10.35675,200,25,90
1770619932.9623308,17.66199,1.937828,10.35675,39,45,90
1770619932.9623451,17.66199,1.937828,10.35675,41,65,90
1770619932.9623587,17.66199,1.937828,10.35675,27,85,90
1770619932.9623725,17.66199,1.937828,10.35675,34,105,90
1770619932.9623861,17.66199,1.937828,10.35675,30,125,90
1770619932.9624002,17.66199,1.937828,10.35675,30,145,90
1770619932.9624143,17.66199,1.937828,10.35675,23,25,120
1770619932.9624283,17.66199,1.937828,10.35675,41,45,120
1770619932.9624424,17.66199,1.937828,10.35675,37,65,120
1770619932.9624562,17.66199,1.937828,10.35675,35,85,120
1770619932.9624703,17.66199,1.937828,10.35675,23,105,120
1770619932.9624846,17.66199,1.937828,10.35675,17,125,120
1770619932.9624982,17.66199,1.937828,10.35675,31,145,120
1770619943.9491925,17.66199,1.937828,10.35675,29,25,60
1770619943.9492276,17.66199,1.937828,10.35675,65,45,60
1770619943.949242,17.66199,1.937828,10.35675,200,65,60
1770619943.9492548,17.66199,1.937828,10.35675,28,85,60
1770619943.9492667,17.66199,1.937828,10.35675,29,105,60
1770619943.9492779,17.66199,1.937828,10.35675,43,125,60
1770619943.949298,17.66199,1.937828,10.35675,44,145,60
1770619943.949312,17.66199,1.937828,10.35675,37,25,90
1770619943.9493258,17.66199,1.937828,10.35675,58,45,90
1770619943.94934,17.66199,1.937828,10.35675,49,65,90
1770619943.9493537,17.66199,1.937828,10.35675,27,85,90
1770619943.9493675,17.66199,1.937828,10.35675,27,105,90
1770619943.9493814,17.66199,1.937828,10.35675,29,125,90
1770619943.9494014,17.66199,1.937828,10.35675,31,145,90
1770619943.9494143,17.66199,1.937828,10.35675,30,25,120
1770619943.9494286,17.66199,1.937828,10.35675,57,45,120
1770619943.9494457,17.66199,1.937828,10.35675,58,65,120
1770619943.9494603,17.66199,1.937828,10.35675,34,85,120
1770619943.9494743,17.66199,1.937828,10.35675,22,105,120
1770619943.9494884,17.66199,1.937828,10.35675,17,125,120
1770619943.949502,17.66199,1.937828,10.35675,37,145,120
1770619949.4175074,17.66199,1.937828,10.35675,135,25,60
1770619949.4175372,17.66199,1.937828,10.35675,55,45,60
1770619949.4175527,17.66199,1.937828,10.35675,200,65,60
1770619949.4175675,17.66199,1.937828,10.35675,155,85,60
1770619949.417581,17.66199,1.937828,10.35675,131,105,60
1770619949.4175978,17.66199,1.937828,10.35675,81,125,60
1770619949.4176123,17.66199,1.937828,10.35675,80,145,60
1770619949.4176264,17.66199,1.937828,10.35675,86,25,90
1770619949.4176402,17.66199,1.937828,10.35675,38,45,90
1770619949.4176545,17.66199,1.937828,10.35675,36,65,90
1770619949.4176686,17.66199,1.937828,10.35675,40,85,90
1770619949.4176822,17.66199,1.937828,10.35675,51,105,90
1770619949.4176962,17.66199,1.937828,10.35675,49,125,90
1770619949.4177105,17.66199,1.937828,10.35675,78,145,90
1770619949.4177241,17.66199,1.937828,10.35675,53,25,120
1770619949.417738,17.66199,1.937828,10.35675,200,45,120
1770619949.4177518,17.66199,1.937828,10.35675,200,65,120
1770619949.417766,17.66199,1.937828,10.35675,53,85,120
1770619949.41778,17.66199,1.937828,10.35675,48,105,120
1770619949.4177933,17.66199,1.937828,10.35675,19,125,120
1770619949.4178073,17.66199,1.937828,10.35675,62,145,120
1770619953.9018955,17.66199,1.937828,10.35675,73,25,60
1770619953.901922,17.66199,1.937828,10.35675,200,45,60
1770619953.9019363,17.66199,1.937828,10.35675,123,65,60
1770619953.9019492,17.66199,1.937828,10.35675,73,85,60
1770619953.9019618,17.66199,1.937828,10.35675,72,105,60
1770619953.9019768,17.66199,1.937828,10.35675,82,125,60
1770619953.9019935,17.66199,1.937828,10.35675,200,145,60
1770619953.9020078,17.66199,1.937828,10.35675,60,25,90
1770619953.902022,17.66199,1.937828,10.35675,128,45,90
1770619953.9020362,17.66199,1.937828,10.35675,59,65,90
1770619953.902053,17.66199,1.937828,10.35675,58,85,90
1770619953.9020638,17.66199,1.937828,10.35675,70,105,90
1770619953.9020748,17.66199,1.937828,10.35675,79,125,90
1770619953.9020875,17.66199,1.937828,10.35675,62,145,90
1770619953.9021015,17.66199,1.937828,10.35675,59,25,120
1770619953.9021158,17.66199,1.937828,10.35675,200,45,120
1770619953.90213,17.66199,1.937828,10.35675,71,65,120
1770619953.9021442,17.66199,1.937828,10.35675,59,85,120
1770619953.902158,17.66199,1.937828,10.35675,59,105,120
1770619953.9021719,17.66199,1.937828,10.35675,19,125,120
1770619953.902186,17.66199,1.937828,10.35675,63,145,120
1770619959.7964993,17.66199,1.937828,10.35675,200,25,60
1770619959.7965307,17.66199,1.937828,10.35675,200,45,60
1770619959.7965467,17.66199,1.937828,10.35675,91,65,60
1770619959.7965617,17.66199,1.937828,10.35675,200,85,60
1770619959.7965765,17.66199,1.937828,10.35675,91,105,60
1770619959.7965906,17.66199,1.937828,10.35675,101,125,60
1770619959.796605,17.66199,1.937828,10.35675,105,145,60
1770619959.7966192,17.66199,1.937828,10.35675,51,25,90
1770619959.796634,17.66199,1.937828,10.35675,58,45,90
1770619959.7966487,17.66199,1.937828,10.35675,58,65,90
1770619959.7966633,17.66199,1.937828,10.35675,58,85,90
1770619959.7966776,17.66199,1.937828,10.35675,63,105,90
1770619959.7966917,17.66199,1.937828,10.35675,79,125,90
1770619959.7967057,17.66199,1.937828,10.35675,63,145,90
1770619959.79672,17.66199,1.937828,10.35675,68,25,120
1770619959.796734,17.66199,1.937828,10.35675,200,45,120
1770619959.796748,17.66199,1.937828,10.35675,80,65,120
1770619959.7967618,17.66199,1.937828,10.35675,78,85,120
1770619959.7967763,17.66199,1.937828,10.35675,65,105,120
1770619959.7967908,17.66199,1.937828,10.35675,37,125,120
1770619959.7968051,17.66199,1.937828,10.35675,63,145,120
1770619964.4834647,17.66199,1.937828,10.35675,65,25,60
1770619964.4834936,17.66199,1.937828,10.35675,200,45,60
1770619964.4835095,17.66199,1.937828,10.35675,200,65,60
1770619964.4835246,17.66199,1.937828,10.35675,200,85,60
1770619964.4835386,17.66199,1.937828,10.35675,200,105,60
1770619964.4835527,17.66199,1.937828,10.35675,58,125,60
1770619964.4835665,17.66199,1.937828,10.35675,99,145,60
1770619964.4835806,17.66199,1.937828,10.35675,43,25,90
1770619964.4835942,17.66199,1.937828,10.35675,200,45,90
1770619964.4836085,17.66199,1.937828,10.35675,58,65,90
1770619964.483622,17.66199,1.937828,10.35675,45,85,90
1770619964.4836361,17.66199,1.937828,10.35675,46,105,90
1770619964.48365,17.66199,1.937828,10.35675,48,125,90
1770619964.4836638,17.66199,1.937828,10.35675,45,145,90
1770619964.4836776,17.66199,1.937828,10.35675,51,25,120
1770619964.4836915,17.66199,1.937828,10.35675,200,45,120
1770619964.4837055,17.66199,1.937828,10.35675,165,65,120
1770619964.4837196,17.66199,1.937828,10.35675,45,85,120
1770619964.4837334,17.66199,1.937828,10.35675,43,105,120
1770619964.483747,17.66199,1.937828,10.35675,37,125,120
1770619964.4837608,17.66199,1.937828,10.35675,63,145,120
1770619969.1589715,17.66199,1.937828,10.35675,72,25,60
1770619969.1590018,17.66199,1.937828,10.35675,200,45,60
1770619969.1590195,17.66199,1.937828,10.35675,109,65,60
1770619969.1590338,17.66199,1.937828,10.35675,77,85,60
1770619969.1590478,17.66199,1.937828,10.35675,79,105,60
1770619969.1590626,17.66199,1.937828,10.35675,91,125,60
1770619969.1590762,17.66199,1.937828,10.35675,102,145,60
1770619969.1590903,17.66199,1.937828,10.35675,59,25,90
1770619969.159104,17.66199,1.937828,10.35675,94,45,90
1770619969.1591184,17.66199,1.937828,10.35675,58,65,90
1770619969.159132,17.66199,1.937828,10.35675,58,85,90
1770619969.1591454,17.66199,1.937828,10.35675,60,105,90
1770619969.1591592,17.66199,1.937828,10.35675,71,125,90
1770619969.1591735,17.66199,1.937828,10.35675,63,145,90
1770619969.1591866,17.66199,1.937828,10.35675,58,25,120
1770619969.1592002,17.66199,1.937828,10.35675,200,45,120
1770619969.1592143,17.66199,1.937828,10.35675,200,65,120
1770619969.1592278,17.66199,1.937828,10.35675,72,85,120
1770619969.159242,17.66199,1.937828,10.35675,70,105,120
1770619969.1592553,17.66199,1.937828,10.35675,37,125,120
1770619969.159269,17.66199,1.937828,10.35675,78,145,120
1770619973.6372485,17.66199,1.937828,10.35675,73,25,60
1770619973.6372783,17.66199,1.937828,10.35675,200,45,60
1770619973.6372938,17.66199,1.937828,10.35675,200,65,60
1770619973.637308,17.66199,1.937828,10.35675,200,85,60
1770619973.637322,17.66199,1.937828,10.35675,200,105,60
1770619973.6373355,17.66199,1.937828,10.35675,88,125,60
1770619973.6373496,17.66199,1.937828,10.35675,200,145,60
1770619973.6373637,17.66199,1.937828,10.35675,59,25,90
1770619973.637377,17.66199,1.937828,10.35675,65,45,90
1770619973.6373909,17.66199,1.937828,10.35675,58,65,90
1770619973.637411,17.66199,1.937828,10.35675,58,85,90
1770619973.6374302,17.66199,1.937828,10.35675,61,105,90
1770619973.6374454,17.66199,1.937828,10.35675,78,125,90
1770619973.6374593,17.66199,1.937828,10.35675,63,145,90
1770619973.637473,17.66199,1.937828,10.35675,71,25,120
1770619973.637487,17.66199,1.937828,10.35675,68,45,120
1770619973.6375005,17.66199,1.937828,10.35675,70,65,120
1770619973.6375148,17.66199,1.937828,10.35675,67,85,120
1770619973.6375284,17.66199,1.937828,10.35675,200,105,120
1770619973.6375425,17.66199,1.937828,10.35675,104,125,120
1770619973.6375563,17.66199,1.937828,10.35675,38,145,120
1770619978.2149763,17.66199,1.937828,10.35675,74,25,60
1770619978.2150064,17.66199,1.937828,10.35675,83,45,60
1770619978.215022,17.66199,1.937828,10.35675,85,65,60
1770619978.215037,17.66199,1.937828,10.35675,73,85,60
1770619978.2150514,17.66199,1.937828,10.35675,77,105,60
1770619978.215066,17.66199,1.937828,10.35675,84,125,60
1770619978.2150798,17.66199,1.937828,10.35675,86,145,60
1770619978.215094,17.66199,1.937828,10.35675,58,25,90
1770619978.2151077,17.66199,1.937828,10.35675,62,45,90
1770619978.215122,17.66199,1.937828,10.35675,59,65,90
1770619978.2151358,17.66199,1.937828,10.35675,58,85,90
1770619978.2151496,17.66199,1.937828,10.35675,58,105,90
1770619978.2151637,17.66199,1.937828,10.35675,67,125,90
1770619978.2151775,17.66199,1.937828,10.35675,77,145,90
1770619978.2151914,17.66199,1.937828,10.35675,200,25,120
1770619978.2152052,17.66199,1.937828,10.35675,65,45,120
1770619978.2152193,17.66199,1.937828,10.35675,99,65,120
1770619978.2152333,17.66199,1.937828,10.35675,57,85,120
1770619978.2152472,17.66199,1.937828,10.35675,57,105,120
1770619978.2152612,17.66199,1.937828,10.35675,91,125,120
1770619978.215275,17.66199,1.937828,10.35675,37,145,120
1770619983.1618354,17.66199,1.937828,10.35675,71,25,60
1770619983.1618886,17.66199,1.937828,10.35675,64,45,60
1770619983.1619077,17.66199,1.937828,10.35675,101,65,60
1770619983.1619253,17.66199,1.937828,10.35675,79,85,60
1770619983.161941,17.66199,1.937828,10.35675,72,105,60
1770619983.1619556,17.66199,1.937828,10.35675,89,125,60
1770619983.1619701,17.66199,1.937828,10.35675,91,145,60
1770619983.161985,17.66199,1.937828,10.35675,56,25,90
1770619983.1619985,17.66199,1.937828,10.35675,62,45,90
1770619983.1620138,17.66199,1.937828,10.35675,58,65,90
1770619983.1620283,17.66199,1.937828,10.35675,56,85,90
1770619983.1620421,17.66199,1.937828,10.35675,58,105,90
1770619983.1620567,17.66199,1.937828,10.35675,77,125,90
1770619983.162071,17.66199,1.937828,10.35675,64,145,90
1770619983.162085,17.66199,1.937828,10.35675,58,25,120
1770619983.1620986,17.66199,1.937828,10.35675,64,45,120
1770619983.162113,17.66199,1.937828,10.35675,74,65,120
1770619983.1621277,17.66199,1.937828,10.35675,58,85,120
1770619983.1621413,17.66199,1.937828,10.35675,57,105,120
1770619983.1621559,17.66199,1.937828,10.35675,37,125,120
1770619983.1621702,17.66199,1.937828,10.35675,59,145,120
1770619987.7223911,17.66199,1.937828,10.35675,200,25,60
1770619987.722421,17.66199,1.937828,10.35675,200,45,60
1770619987.7224364,17.66199,1.937828,10.35675,94,65,60
1770619987.722451,17.66199,1.937828,10.35675,82,85,60
1770619987.722465,17.66199,1.937828,10.35675,83,105,60
1770619987.7224786,17.66199,1.937828,10.35675,82,125,60
1770619987.722493,17.66199,1.937828,10.35675,88,145,60
1770619987.7225065,17.66199,1.937828,10.35675,69,25,90
1770619987.7225206,17.66199,1.937828,10.35675,63,45,90
1770619987.7225344,17.66199,1.937828,10.35675,58,65,90
1770619987.7225485,17.66199,1.937828,10.35675,58,85,90
1770619987.7225623,17.66199,1.937828,10.35675,79,105,90
1770619987.722576,17.66199,1.937828,10.35675,80,125,90
1770619987.7225895,17.66199,1.937828,10.35675,79,145,90
1770619987.7226055,17.66199,1.937828,10.35675,72,25,120
1770619987.7226164,17.66199,1.937828,10.35675,64,45,120
1770619987.7226276,17.66199,1.937828,10.35675,73,65,120
1770619987.7226384,17.66199,1.937828,10.35675,72,85,120
1770619987.7226489,17.66199,1.937828,10.35675,71,105,120
1770619987.7226603,17.66199,1.937828,10.35675,19,125,120
1770619987.7226734,17.66199,1.937828,10.35675,85,145,120
1770620005.287286,150.7642,79.76484,30.32124,184,25,60
1770620005.287316,150.7642,79.76484,30.32124,58,45,60
1770620005.2873313,150.7642,79.76484,30.32124,83,65,60
1770620005.2873461,150.7642,79.76484,30.32124,104,85,60
1770620005.2873607,150.7642,79.76484,30.32124,179,105,60
1770620005.2873755,150.7642,79.76484,30.32124,104,125,60
1770620005.2873893,150.7642,79.76484,30.32124,200,145,60
1770620005.2874136,150.7642,79.76484,30.32124,58,25,90
1770620005.2874336,150.7642,79.76484,30.32124,51,45,90
1770620005.2874494,150.7642,79.76484,30.32124,65,65,90
1770620005.2874637,150.7642,79.76484,30.32124,58,85,90
1770620005.2874775,150.7642,79.76484,30.32124,84,105,90
1770620005.2874918,150.7642,79.76484,30.32124,80,125,90
1770620005.2875054,150.7642,79.76484,30.32124,80,145,90
1770620005.2875195,150.7642,79.76484,30.32124,59,25,120
1770620005.287533,150.7642,79.76484,30.32124,60,45,120
1770620005.2875464,150.7642,79.76484,30.32124,68,65,120
1770620005.2875605,150.7642,79.76484,30.32124,58,85,120
1770620005.287574,150.7642,79.76484,30.32124,84,105,120
1770620005.2875876,150.7642,79.76484,30.32124,58,125,120
1770620005.287602,150.7642,79.76484,30.32124,17,145,120
1770620014.0494175,143.2763,75.39452,210.3095,98,25,60
1770620014.0494475,143.2763,75.39452,210.3095,59,45,60
1770620014.0494628,143.2763,75.39452,210.3095,57,65,60
1770620014.0494769,143.2763,75.39452,210.3095,58,85,60
1770620014.0494907,143.2763,75.39452,210.3095,21,105,60
1770620014.0495052,143.2763,75.39452,210.3095,67,125,60
1770620014.049519,143.2763,75.39452,210.3095,200,145,60
1770620014.0495331,143.2763,75.39452,210.3095,46,25,90
1770620014.0495467,143.2763,75.39452,210.3095,58,45,90
1770620014.0495608,143.2763,75.39452,210.3095,44,65,90
1770620014.0495744,143.2763,75.39452,210.3095,30,85,90
1770620014.0495882,143.2763,75.39452,210.3095,31,105,90
1770620014.049602,143.2763,75.39452,210.3095,33,125,90
1770620014.0496156,143.2763,75.39452,210.3095,53,145,90
1770620014.0496292,143.2763,75.39452,210.3095,31,25,120
1770620014.0496433,143.2763,75.39452,210.3095,63,45,120
1770620014.049657,143.2763,75.39452,210.3095,27,65,120
1770620014.049671,143.2763,75.39452,210.3095,22,85,120
1770620014.0496845,143.2763,75.39452,210.3095,30,105,120
1770620014.0496988,143.2763,75.39452,210.3095,29,125,120
1770620014.049713,143.2763,75.39452,210.3095,29,145,120
1770620019.5562022,89.68244,44.11463,210.3095,34,25,60
1770620019.5562317,89.68244,44.11463,210.3095,57,45,60
1770620019.556247,89.68244,44.11463,210.3095,54,65,60
1770620019.5562613,89.68244,44.11463,210.3095,36,85,60
1770620019.5562756,89.68244,44.11463,210.3095,37,105,60
1770620019.5562897,89.68244,44.11463,210.3095,36,125,60
1770620019.5563035,89.68244,44.11463,210.3095,59,145,60
1770620019.5563178,89.68244,44.11463,210.3095,41,25,90
1770620019.5563312,89.68244,44.11463,210.3095,58,45,90
1770620019.5563455,89.68244,44.11463,210.3095,46,65,90
1770620019.5563588,89.68244,44.11463,210.3095,34,85,90
1770620019.556385,89.68244,44.11463,210.3095,32,105,90
1770620019.5563989,89.68244,44.11463,210.3095,35,125,90
1770620019.5564127,89.68244,44.11463,210.3095,37,145,90
1770620019.5564265,89.68244,44.11463,210.3095,26,25,120
1770620019.5564404,89.68244,44.11463,210.3095,26,45,120
1770620019.5564542,89.68244,44.11463,210.3095,26,65,120
1770620019.556468,89.68244,44.11463,210.3095,26,85,120
1770620019.5564816,89.68244,44.11463,210.3095,26,105,120
1770620019.556496,89.68244,44.11463,210.3095,26,125,120
1770620019.5565095,89.68244,44.11463,210.3095,26,145,120
1770620027.502083,89.68244,44.11463,389.6092,74,25,60
1770620027.502112,89.68244,44.11463,389.6092,51,45,60
1770620027.502127,89.68244,44.11463,389.6092,64,65,60
1770620027.5021405,89.68244,44.11463,389.6092,78,85,60
1770620027.502155,89.68244,44.11463,389.6092,78,105,60
1770620027.5021691,89.68244,44.11463,389.6092,6,125,60
1770620027.5021832,89.68244,44.11463,389.6092,11,145,60
1770620027.502197,89.68244,44.11463,389.6092,5,25,90
1770620027.5022106,89.68244,44.11463,389.6092,57,45,90
1770620027.5022244,89.68244,44.11463,389.6092,6,65,90
1770620027.5022383,89.68244,44.11463,389.6092,4,85,90
1770620027.5022519,89.68244,44.11463,389.6092,4,105,90
1770620027.5022697,89.68244,44.11463,389.6092,6,125,90
1770620027.5022836,89.68244,44.11463,389.6092,9,145,90
1770620027.5022974,89.68244,44.11463,389.6092,5,25,120
1770620027.502311,89.68244,44.11463,389.6092,39,45,120
1770620027.5023246,89.68244,44.11463,389.6092,9,65,120
1770620027.5023384,89.68244,44.11463,389.6092,3,85,120
1770620027.5023518,89.68244,44.11463,389.6092,5,105,120
1770620027.502366,89.68244,44.11463,389.6092,7,125,120
1770620027.5023794,89.68244,44.11463,389.6092,9,145,120
1770620032.663423,89.68244,44.11463,389.6092,16,25,60
1770620032.6634524,89.68244,44.11463,389.6092,62,45,60
1770620032.6634684,89.68244,44.11463,389.6092,17,65,60
1770620032.6634827,89.68244,44.11463,389.6092,66,85,60
1770620032.6634967,89.68244,44.11463,389.6092,200,105,60
1770620032.6635108,89.68244,44.11463,389.6092,117,125,60
1770620032.6635253,89.68244,44.11463,389.6092,200,145,60
1770620032.663539,89.68244,44.11463,389.6092,5,25,90
1770620032.6635528,89.68244,44.11463,389.6092,55,45,90
1770620032.6635666,89.68244,44.11463,389.6092,54,65,90
1770620032.6635804,89.68244,44.11463,389.6092,10,85,90
1770620032.663594,89.68244,44.11463,389.6092,17,105,90
1770620032.6636078,89.68244,44.11463,389.6092,17,125,90
1770620032.6636217,89.68244,44.11463,389.6092,11,145,90
1770620032.6636355,89.68244,44.11463,389.6092,14,25,120
1770620032.6636493,89.68244,44.11463,389.6092,67,45,120
1770620032.6636631,89.68244,44.11463,389.6092,55,65,120
1770620032.6636775,89.68244,44.11463,389.6092,17,85,120
1770620032.6636913,89.68244,44.11463,389.6092,17,105,120
1770620032.663705,89.68244,44.11463,389.6092,37,125,120
1770620032.663719,89.68244,44.11463,389.6092,35,145,120
1770620037.094269,89.68244,44.11463,389.6092,71,25,60
1770620037.0943003,89.68244,44.11463,389.6092,58,45,60
1770620037.0943172,89.68244,44.11463,389.6092,62,65,60
1770620037.0943322,89.68244,44.11463,389.6092,71,85,60
1770620037.0943472,89.68244,44.11463,389.6092,73,105,60
1770620037.094362,89.68244,44.11463,389.6092,72,125,60
1770620037.094376,89.68244,44.11463,389.6092,69,145,60
1770620037.0943909,89.68244,44.11463,389.6092,55,25,90
1770620037.0944052,89.68244,44.11463,389.6092,51,45,90
1770620037.0944195,89.68244,44.11463,389.6092,55,65,90
1770620037.0944335,89.68244,44.11463,389.6092,55,85,90
1770620037.0944474,89.68244,44.11463,389.6092,60,105,90
1770620037.0944617,89.68244,44.11463,389.6092,63,125,90
1770620037.0944765,89.68244,44.11463,389.6092,61,145,90
1770620037.0944903,89.68244,44.11463,389.6092,58,25,120
1770620037.094517,89.68244,44.11463,389.6092,56,45,120
1770620037.0945315,89.68244,44.11463,389.6092,55,65,120
1770620037.094546,89.68244,44.11463,389.6092,56,85,120
1770620037.0945597,89.68244,44.11463,389.6092,60,105,120
1770620037.094574,89.68244,44.11463,389.6092,71,125,120
1770620037.0945878,89.68244,44.11463,389.6092,60,145,120
1770620041.4544058,89.68244,44.11463,389.6092,67,25,60
1770620041.454435,89.68244,44.11463,389.6092,56,45,60
1770620041.4544504,89.68244,44.11463,389.6092,64,65,60
1770620041.454465,89.68244,44.11463,389.6092,84,85,60
1770620041.4544787,89.68244,44.11463,389.6092,78,105,60
1770620041.4544933,89.68244,44.11463,389.6092,71,125,60
1770620041.454507,89.68244,44.11463,389.6092,66,145,60
1770620041.4545212,89.68244,44.11463,389.6092,72,25,90
1770620041.4545348,89.68244,44.11463,389.6092,37,45,90
1770620041.4545488,89.68244,44.11463,389.6092,33,65,90
1770620041.4545627,89.68244,44.11463,389.6092,57,85,90
1770620041.4545765,89.68244,44.11463,389.6092,64,105,90
1770620041.4545898,89.68244,44.11463,389.6092,66,125,90
1770620041.4546037,89.68244,44.11463,389.6092,60,145,90
1770620041.4546177,89.68244,44.11463,389.6092,58,25,120
1770620041.4546313,89.68244,44.11463,389.6092,34,45,120
1770620041.4546454,89.68244,44.11463,389.6092,33,65,120
1770620041.4546597,89.68244,44.11463,389.6092,50,85,120
1770620041.4546728,89.68244,44.11463,389.6092,52,105,120
1770620041.4546866,89.68244,44.11463,389.6092,58,125,120
1770620041.4547007,89.68244,44.11463,389.6092,51,145,120
1770620705.921509,12.75,0,0,35,25,60
1770620705.9215384,12.75,0,0,33,45,60
1770620705.92155,12.75,0,0,120,65,60
1770620705.921561,12.75,0,0,200,85,60
1770620705.9215717,12.75,0,0,8,105,60
1770620705.9215827,12.75,0,0,7,125,60
1770620705.9215925,12.75,0,0,7,145,60
1770620705.921603,12.75,0,0,7,25,90
1770620705.9216132,12.75,0,0,49,45,90
1770620705.921624,12.75,0,0,5,65,90
1770620705.9216347,12.75,0,0,3,85,90
1770620705.9216447,12.75,0,0,4,105,90
1770620705.9216552,12.75,0,0,3,125,90
1770620705.9216654,12.75,0,0,3,145,90
1770620705.921676,12.75,0,0,5,25,120
1770620705.921686,12.75,0,0,5,45,120
1770620705.9216964,12.75,0,0,2,65,120
1770620705.921707,12.75,0,0,3,85,120
1770620705.9217172,12.75,0,0,1,105,120
1770620705.9217277,12.75,0,0,2,125,120
1770620705.9217384,12.75,0,0,3,145,120
1770620714.5674467,40.42781,15.86129,29.82131,105,25,60
1770620714.5674782,40.42781,15.86129,29.82131,200,45,60
1770620714.5674942,40.42781,15.86129,29.82131,105,65,60
1770620714.5675087,40.42781,15.86129,29.82131,106,85,60
1770620714.5675232,40.42781,15.86129,29.82131,8,105,60
1770620714.567538,40.42781,15.86129,29.82131,4,125,60
1770620714.5675519,40.42781,15.86129,29.82131,4,145,60
1770620714.5675662,40.42781,15.86129,29.82131,10,25,90
1770620714.5675802,40.42781,15.86129,29.82131,21,45,90
1770620714.5675948,40.42781,15.86129,29.82131,31,65,90
1770620714.5676084,40.42781,15.86129,29.82131,73,85,90
1770620714.5676222,40.42781,15.86129,29.82131,104,105,90
1770620714.5676363,40.42781,15.86129,29.82131,107,125,90
1770620714.5676506,40.42781,15.86129,29.82131,112,145,90
1770620714.5676649,40.42781,15.86129,29.82131,41,25,120
1770620714.5676787,40.42781,15.86129,29.82131,50,45,120
1770620714.5676928,40.42781,15.86129,29.82131,44,65,120
1770620714.5677068,40.42781,15.86129,29.82131,50,85,120
1770620714.5677207,40.42781,15.86129,29.82131,47,105,120
1770620714.5677347,40.42781,15.86129,29.82131,129,125,120
1770620714.567749,40.42781,15.86129,29.82131,200,145,120
1770620729.3621004,12.75,0,0,5,25,60
1770620729.3621273,12.75,0,0,4,45,60
1770620729.3621395,12.75,0,0,3,65,60
1770620729.3621504,12.75,0,0,4,85,60
1770620729.3621612,12.75,0,0,200,105,60
1770620729.3621724,12.75,0,0,4,125,60
1770620729.362183,12.75,0,0,4,145,60
1770620729.3621936,12.75,0,0,37,25,90
1770620729.362204,12.75,0,0,200,45,90
1770620729.3622146,12.75,0,0,4,65,90
1770620729.3622248,12.75,0,0,2,85,90
1770620729.3622353,12.75,0,0,1,105,90
1770620729.3622458,12.75,0,0,2,125,90
1770620729.3622563,12.75,0,0,2,145,90
1770620729.3622668,12.75,0,0,37,25,120
1770620729.3622777,12.75,0,0,43,45,120
1770620729.3622882,12.75,0,0,71,65,120
1770620729.3622987,12.75,0,0,120,85,120
1770620729.3623095,12.75,0,0,3,105,120
1770620729.3623202,12.75,0,0,3,125,120
1770620729.3623304,12.75,0,0,4,145,120
1770620736.8696146,20.49013,4.154781,28.23153,3,25,60
1770620736.8696606,20.49013,4.154781,28.23153,6,45,60
1770620736.8696766,20.49013,4.154781,28.23153,3,65,60
1770620736.8696911,20.49013,4.154781,28.23153,3,85,60
1770620736.8697047,20.49013,4.154781,28.23153,5,105,60
1770620736.869719,20.49013,4.154781,28.23153,118,125,60
1770620736.8697329,20.49013,4.154781,28.23153,200,145,60
1770620736.869747,20.49013,4.154781,28.23153,2,25,90
1770620736.8697608,20.49013,4.154781,28.23153,3,45,90
1770620736.8697753,20.49013,4.154781,28.23153,3,65,90
1770620736.869789,20.49013,4.154781,28.23153,4,85,90
1770620736.869802,20.49013,4.154781,28.23153,5,105,90
1770620736.8698158,20.49013,4.154781,28.23153,9,125,90
1770620736.8698294,20.49013,4.154781,28.23153,116,145,90
1770620736.8698435,20.49013,4.154781,28.23153,2,25,120
1770620736.869857,20.49013,4.154781,28.23153,31,45,120
1770620736.8698735,20.49013,4.154781,28.23153,3,65,120
1770620736.8698876,20.49013,4.154781,28.23153,3,85,120
1770620736.8699014,20.49013,4.154781,28.23153,4,105,120
1770620736.8699148,20.49013,4.154781,28.23153,2,125,120
1770620736.8699286,20.49013,4.154781,28.23153,3,145,120
1770620999.5211432,12.76275,0,0,64,25,60
1770620999.52117,12.76275,0,0,55,45,60
1770620999.5211816,12.76275,0,0,58,65,60
1770620999.5211935,12.76275,0,0,115,85,60
1770620999.521205,12.76275,0,0,89,105,60
1770620999.5212162,12.76275,0,0,92,125,60
1770620999.5212276,12.76275,0,0,94,145,60
1770620999.5212388,12.76275,0,0,67,25,90
1770620999.5212498,12.76275,0,0,30,45,90
1770620999.5212607,12.76275,0,0,21,65,90
1770620999.5212717,12.76275,0,0,23,85,90
1770620999.5212827,12.76275,0,0,80,105,90
1770620999.5212936,12.76275,0,0,79,125,90
1770620999.5213046,12.76275,0,0,61,145,90
1770620999.5213156,12.76275,0,0,26,25,120
1770620999.5213265,12.76275,0,0,32,45,120
1770620999.5213373,12.76275,0,0,25,65,120
1770620999.5213487,12.76275,0,0,115,85,120
1770620999.5213597,12.76275,0,0,115,105,120
1770620999.5213706,12.76275,0,0,28,125,120
1770620999.5213816,12.76275,0,0,19,145,120
1770621005.6117625,18.71624,3.196835,28.23971,76,25,60
1770621005.6117923,18.71624,3.196835,28.23971,35,45,60
1770621005.6118078,18.71624,3.196835,28.23971,89,65,60
1770621005.611823,18.71624,3.196835,28.23971,99,85,60
1770621005.611837,18.71624,3.196835,28.23971,90,105,60
1770621005.611851,18.71624,3.196835,28.23971,81,125,60
1770621005.6118648,18.71624,3.196835,28.23971,53,145,60
1770621005.6118786,18.71624,3.196835,28.23971,24,25,90
1770621005.6118925,18.71624,3.196835,28.23971,71,45,90
1770621005.6119065,18.71624,3.196835,28.23971,32,65,90
1770621005.6119204,18.71624,3.196835,28.23971,37,85,90
1770621005.6119344,18.71624,3.196835,28.23971,77,105,90
1770621005.6119485,18.71624,3.196835,28.23971,63,125,90
1770621005.611962,18.71624,3.196835,28.23971,36,145,90
1770621005.6119757,18.71624,3.196835,28.23971,25,25,120
1770621005.61199,18.71624,3.196835,28.23971,24,45,120
1770621005.6120036,18.71624,3.196835,28.23971,23,65,120
1770621005.6120179,18.71624,3.196835,28.23971,26,85,120
1770621005.6120315,18.71624,3.196835,28.23971,77,105,120
1770621005.6120455,18.71624,3.196835,28.23971,81,125,120
1770621005.6120594,18.71624,3.196835,28.23971,37,145,120
1770621013.2049932,104.615,49.32172,28.23971,63,25,60
1770621013.2050254,104.615,49.32172,28.23971,200,45,60
1770621013.2050452,104.615,49.32172,28.23971,92,65,60
1770621013.2050574,104.615,49.32172,28.23971,92,85,60
1770621013.2050762,104.615,49.32172,28.23971,60,105,60
1770621013.2050912,104.615,49.32172,28.23971,54,125,60
1770621013.205105,104.615,49.32172,28.23971,53,145,60
1770621013.205119,104.615,49.32172,28.23971,56,25,90
1770621013.205133,104.615,49.32172,28.23971,17,45,90
1770621013.2051468,104.615,49.32172,28.23971,58,65,90
1770621013.2051604,104.615,49.32172,28.23971,55,85,90
1770621013.2051742,104.615,49.32172,28.23971,53,105,90
1770621013.205188,104.615,49.32172,28.23971,52,125,90
1770621013.2052019,104.615,49.32172,28.23971,58,145,90
1770621013.2052155,104.615,49.32172,28.23971,17,25,120
1770621013.2052298,104.615,49.32172,28.23971,9,45,120
1770621013.2052433,104.615,49.32172,28.23971,17,65,120
1770621013.2052577,104.615,49.32172,28.23971,91,85,120
1770621013.2052712,104.615,49.32172,28.23971,46,105,120
1770621013.205285,104.615,49.32172,28.23971,47,125,120
1770621013.205299,104.615,49.32172,28.23971,62,145,120
1770621022.1869411,89.39966,41.16563,208.2325,31,25,60
1770621022.1869664,89.39966,41.16563,208.2325,11,45,60
1770621022.1869802,89.39966,41.16563,208.2325,15,65,60
1770621022.1869926,89.39966,41.16563,208.2325,17,85,60
1770621022.1870058,89.39966,41.16563,208.2325,9,105,60
1770621022.187018,89.39966,41.16563,208.2325,18,125,60
1770621022.18703,89.39966,41.16563,208.2325,17,145,60
1770621022.187042,89.39966,41.16563,208.2325,26,25,90
1770621022.1870532,89.39966,41.16563,208.2325,32,45,90
1770621022.1870842,89.39966,41.16563,208.2325,40,65,90
1770621022.1870966,89.39966,41.16563,208.2325,27,85,90
1770621022.1871085,89.39966,41.16563,208.2325,11,105,90
1770621022.1871204,89.39966,41.16563,208.2325,7,125,90
1770621022.1871324,89.39966,41.16563,208.2325,73,145,90
1770621022.1871443,89.39966,41.16563,208.2325,29,25,120
1770621022.1871562,89.39966,41.16563,208.2325,41,45,120
1770621022.1871674,89.39966,41.16563,208.2325,30,65,120
1770621022.1871796,89.39966,41.16563,208.2325,30,85,120
1770621022.1871917,89.39966,41.16563,208.2325,29,105,120
1770621022.1872036,89.39966,41.16563,208.2325,32,125,120
1770621022.1872158,89.39966,41.16563,208.2325,22,145,120
1770621027.887128,33.46024,11.17965,208.2325,21,25,60
1770621027.8871572,33.46024,11.17965,208.2325,37,45,60
1770621027.8871734,33.46024,11.17965,208.2325,42,65,60
1770621027.887188,33.46024,11.17965,208.2325,14,85,60
1770621027.8872023,33.46024,11.17965,208.2325,21,105,60
1770621027.8872168,33.46024,11.17965,208.2325,45,125,60
1770621027.8872309,33.46024,11.17965,208.2325,42,145,60
1770621027.887245,33.46024,11.17965,208.2325,200,25,90
1770621027.8872592,33.46024,11.17965,208.2325,90,45,90
1770621027.8872733,33.46024,11.17965,208.2325,104,65,90
1770621027.8872874,33.46024,11.17965,208.2325,22,85,90
1770621027.8873012,33.46024,11.17965,208.2325,21,105,90
1770621027.8873153,33.46024,11.17965,208.2325,51,125,90
1770621027.8873289,33.46024,11.17965,208.2325,23,145,90
1770621027.887343,33.46024,11.17965,208.2325,20,25,120
1770621027.8873565,33.46024,11.17965,208.2325,200,45,120
1770621027.8873708,33.46024,11.17965,208.2325,200,65,120
1770621027.8873851,33.46024,11.17965,208.2325,22,85,120
1770621027.8873992,33.46024,11.17965,208.2325,20,105,120
1770621027.8874133,33.46024,11.17965,208.2325,25,125,120
1770621027.887427,33.46024,11.17965,208.2325,59,145,120
1770621036.5504167,40.26003,14.79465,388.0698,59,25,60
1770621036.5504465,40.26003,14.79465,388.0698,200,45,60
1770621036.5504627,40.26003,14.79465,388.0698,90,65,60
1770621036.5504775,40.26003,14.79465,388.0698,200,85,60
1770621036.5504916,40.26003,14.79465,388.0698,200,105,60
1770621036.5505059,40.26003,14.79465,388.0698,53,125,60
1770621036.5505195,40.26003,14.79465,388.0698,27,145,60
1770621036.5505335,40.26003,14.79465,388.0698,200,25,90
1770621036.5505471,40.26003,14.79465,388.0698,200,45,90
1770621036.550562,40.26003,14.79465,388.0698,200,65,90
1770621036.5505757,40.26003,14.79465,388.0698,200,85,90
1770621036.5505927,40.26003,14.79465,388.0698,51,105,90
1770621036.5506065,40.26003,14.79465,388.0698,28,125,90
1770621036.5506206,40.26003,14.79465,388.0698,25,145,90
1770621036.550635,40.26003,14.79465,388.0698,53,25,120
1770621036.5506482,40.26003,14.79465,388.0698,200,45,120
1770621036.5506628,40.26003,14.79465,388.0698,200,65,120
1770621036.5506766,40.26003,14.79465,388.0698,53,85,120
1770621036.5506907,40.26003,14.79465,388.0698,52,105,120
1770621036.5507228,40.26003,14.79465,388.0698,35,125,120
1770621036.5507367,40.26003,14.79465,388.0698,30,145,120
1770621042.2518246,101.7171,47.46732,388.0698,200,25,60
1770621042.251855,101.7171,47.46732,388.0698,200,45,60
1770621042.25187,101.7171,47.46732,388.0698,200,65,60
1770621042.2518845,101.7171,47.46732,388.0698,200,85,60
1770621042.2518992,101.7171,47.46732,388.0698,11,105,60
1770621042.2519133,101.7171,47.46732,388.0698,10,125,60
1770621042.251927,101.7171,47.46732,388.0698,16,145,60
1770621042.2519403,101.7171,47.46732,388.0698,16,25,90
1770621042.2519572,101.7171,47.46732,388.0698,200,45,90
1770621042.251984,101.7171,47.46732,388.0698,20,65,90
1770621042.2519994,101.7171,47.46732,388.0698,17,85,90
1770621042.2520137,101.7171,47.46732,388.0698,13,105,90
1770621042.252027,101.7171,47.46732,388.0698,37,125,90
1770621042.2520409,101.7171,47.46732,388.0698,27,145,90
1770621042.2520547,101.7171,47.46732,388.0698,200,25,120
1770621042.2520692,101.7171,47.46732,388.0698,200,45,120
1770621042.252083,101.7171,47.46732,388.0698,200,65,120
1770621042.2520971,101.7171,47.46732,388.0698,28,85,120
1770621042.252111,101.7171,47.46732,388.0698,200,105,120
1770621042.252125,101.7171,47.46732,388.0698,30,125,120
1770621042.2521386,101.7171,47.46732,388.0698,27,145,120
1770621049.6803086,97.17622,50.58478,505.6245,3,25,60
1770621049.6803381,97.17622,50.58478,505.6245,64,45,60
1770621049.680354,97.17622,50.58478,505.6245,54,65,60
1770621049.680369,97.17622,50.58478,505.6245,4,85,60
1770621049.6803834,97.17622,50.58478,505.6245,5,105,60
1770621049.6803977,97.17622,50.58478,505.6245,9,125,60
1770621049.6804118,97.17622,50.58478,505.6245,200,145,60
1770621049.6804256,97.17622,50.58478,505.6245,2,25,90
1770621049.68044,97.17622,50.58478,505.6245,5,45,90
1770621049.6804538,97.17622,50.58478,505.6245,3,65,90
1770621049.6804676,97.17622,50.58478,505.6245,3,85,90
1770621049.680482,97.17622,50.58478,505.6245,3,105,90
1770621049.6804953,97.17622,50.58478,505.6245,4,125,90
1770621049.680509,97.17622,50.58478,505.6245,200,145,90
1770621049.6805232,97.17622,50.58478,505.6245,105,25,120
1770621049.6805375,97.17622,50.58478,505.6245,101,45,120
1770621049.680554,97.17622,50.58478,505.6245,2,65,120
1770621049.6805682,97.17622,50.58478,505.6245,2,85,120
1770621049.6805818,97.17622,50.58478,505.6245,2,105,120
1770621049.6805959,97.17622,50.58478,505.6245,4,125,120
1770621049.6806097,97.17622,50.58478,505.6245,18,145,120
1770621055.899072,36.61027,92.16535,505.6245,16,25,60
1770621055.899101,36.61027,92.16535,505.6245,200,45,60
1770621055.8991172,36.61027,92.16535,505.6245,200,65,60
1770621055.8991325,36.61027,92.16535,505.6245,200,85,60
1770621055.899147,36.61027,92.16535,505.6245,200,105,60
1770621055.8991616,36.61027,92.16535,505.6245,200,125,60
1770621055.899176,36.61027,92.16535,505.6245,37,145,60
1770621055.8991897,36.61027,92.16535,505.6245,7,25,90
1770621055.8992043,36.61027,92.16535,505.6245,15,45,90
1770621055.8992183,36.61027,92.16535,505.6245,11,65,90
1770621055.899232,36.61027,92.16535,505.6245,9,85,90
1770621055.8992484,36.61027,92.16535,505.6245,200,105,90
1770621055.899263,36.61027,92.16535,505.6245,200,125,90
1770621055.8992767,36.61027,92.16535,505.6245,63,145,90
1770621055.8992908,36.61027,92.16535,505.6245,200,25,120
1770621055.8993056,36.61027,92.16535,505.6245,200,45,120
1770621055.8993196,36.61027,92.16535,505.6245,200,65,120
1770621055.8993337,36.61027,92.16535,505.6245,200,85,120
1770621055.8993478,36.61027,92.16535,505.6245,200,105,120
1770621055.899362,36.61027,92.16535,505.6245,43,125,120
1770621055.8993762,36.61027,92.16535,505.6245,44,145,120
1770621065.6770477,54.19373,79.42614,684.2058,200,25,60
1770621065.6770873,54.19373,79.42614,684.2058,188,45,60
1770621065.6771038,54.19373,79.42614,684.2058,188,65,60
1770621065.6771185,54.19373,79.42614,684.2058,200,85,60
1770621065.6771324,54.19373,79.42614,684.2058,87,105,60
1770621065.6771467,54.19373,79.42614,684.2058,85,125,60
1770621065.6771607,54.19373,79.42614,684.2058,68,145,60
1770621065.6771748,54.19373,79.42614,684.2058,58,25,90
1770621065.6771889,54.19373,79.42614,684.2058,43,45,90
1770621065.6772032,54.19373,79.42614,684.2058,186,65,90
1770621065.6772172,54.19373,79.42614,684.2058,61,85,90
1770621065.6772313,54.19373,79.42614,684.2058,58,105,90
1770621065.6772451,54.19373,79.42614,684.2058,56,125,90
1770621065.677259,54.19373,79.42614,684.2058,59,145,90
1770621065.6772726,54.19373,79.42614,684.2058,40,25,120
1770621065.6772866,54.19373,79.42614,684.2058,17,45,120
1770621065.6773002,54.19373,79.42614,684.2058,39,65,120
1770621065.6773145,54.19373,79.42614,684.2058,41,85,120
1770621065.6773283,54.19373,79.42614,684.2058,51,105,120
1770621065.6773424,54.19373,79.42614,684.2058,60,125,120
1770621065.6773562,54.19373,79.42614,684.2058,84,145,120
1770621088.9039683,34.93113,93.34743,1043.781,45,25,60
1770621088.9039938,34.93113,93.34743,1043.781,50,45,60
1770621088.9040082,34.93113,93.34743,1043.781,39,65,60
1770621088.9040225,34.93113,93.34743,1043.781,50,85,60
1770621088.904035,34.93113,93.34743,1043.781,38,105,60
1770621088.904048,34.93113,93.34743,1043.781,20,125,60
1770621088.9040663,34.93113,93.34743,1043.781,24,145,60
1770621088.9040816,34.93113,93.34743,1043.781,9,25,90
1770621088.904096,34.93113,93.34743,1043.781,45,45,90
1770621088.9041097,34.93113,93.34743,1043.781,39,65,90
1770621088.904124,34.93113,93.34743,1043.781,8,85,90
1770621088.9041376,34.93113,93.34743,1043.781,9,105,90
1770621088.9041514,34.93113,93.34743,1043.781,8,125,90
1770621088.9041653,34.93113,93.34743,1043.781,16,145,90
1770621088.904179,34.93113,93.34743,1043.781,10,25,120
1770621088.904193,34.93113,93.34743,1043.781,48,45,120
1770621088.9042103,34.93113,93.34743,1043.781,43,65,120
1770621088.9042249,34.93113,93.34743,1043.781,9,85,120
1770621088.904239,34.93113,93.34743,1043.781,200,105,120
1770621088.904253,34.93113,93.34743,1043.781,9,125,120
1770621088.9042673,34.93113,93.34743,1043.781,29,145,120
1770621096.3782113,93.64051,50.03793,1043.781,60,25,60
1770621096.3782377,93.64051,50.03793,1043.781,43,45,60
1770621096.378252,93.64051,50.03793,1043.781,43,65,60
1770621096.3782656,93.64051,50.03793,1043.781,200,85,60
1770621096.3782783,93.64051,50.03793,1043.781,5,105,60
1770621096.3782907,93.64051,50.03793,1043.781,5,125,60
1770621096.378309,93.64051,50.03793,1043.781,12,145,60
1770621096.3783243,93.64051,50.03793,1043.781,4,25,90
1770621096.3783386,93.64051,50.03793,1043.781,55,45,90
1770621096.3783529,93.64051,50.03793,1043.781,7,65,90
1770621096.378367,93.64051,50.03793,1043.781,7,85,90
1770621096.3783803,93.64051,50.03793,1043.781,4,105,90
1770621096.3783944,93.64051,50.03793,1043.781,4,125,90
1770621096.378408,93.64051,50.03793,1043.781,16,145,90
1770621096.3784215,93.64051,50.03793,1043.781,7,25,120
1770621096.3784356,93.64051,50.03793,1043.781,16,45,120
1770621096.378453,93.64051,50.03793,1043.781,9,65,120
1770621096.3784678,93.64051,50.03793,1043.781,7,85,120
1770621096.3784814,93.64051,50.03793,1043.781,8,105,120
1770621096.3784955,93.64051,50.03793,1043.781,7,125,120
1770621096.3785093,93.64051,50.03793,1043.781,9,145,120
1770621109.000207,62.92719,72.96419,1223.491,51,25,60
1770621109.000236,62.92719,72.96419,1223.491,31,45,60
1770621109.0002508,62.92719,72.96419,1223.491,36,65,60
1770621109.000266,62.92719,72.96419,1223.491,39,85,60
1770621109.0002804,62.92719,72.96419,1223.491,58,105,60
1770621109.000295,62.92719,72.96419,1223.491,91,125,60
1770621109.0003085,62.92719,72.96419,1223.491,90,145,60
1770621109.0003226,62.92719,72.96419,1223.491,35,25,90
1770621109.000337,62.92719,72.96419,1223.491,37,45,90
1770621109.0003507,62.92719,72.96419,1223.491,36,65,90
1770621109.0003645,62.92719,72.96419,1223.491,34,85,90
1770621109.0003817,62.92719,72.96419,1223.491,36,105,90
1770621109.0003955,62.92719,72.96419,1223.491,37,125,90
1770621109.0004096,62.92719,72.96419,1223.491,60,145,90
1770621109.0004232,62.92719,72.96419,1223.491,37,25,120
1770621109.0004375,62.92719,72.96419,1223.491,59,45,120
1770621109.0004516,62.92719,72.96419,1223.491,32,65,120
1770621109.0004654,62.92719,72.96419,1223.491,39,85,120
1770621109.0004792,62.92719,72.96419,1223.491,41,105,120
1770621109.0004935,62.92719,72.96419,1223.491,44,125,120
1770621109.0005074,62.92719,72.96419,1223.491,17,145,120
1770621115.9092753,0.356256,119.6709,1223.491,97,25,60
1770621115.909306,0.356256,119.6709,1223.491,11,45,60
1770621115.9093225,0.356256,119.6709,1223.491,17,65,60
1770621115.9093368,0.356256,119.6709,1223.491,200,85,60
1770621115.9093513,0.356256,119.6709,1223.491,102,105,60
1770621115.9093654,0.356256,119.6709,1223.491,89,125,60
1770621115.9093795,0.356256,119.6709,1223.491,88,145,60
1770621115.9093933,0.356256,119.6709,1223.491,98,25,90
1770621115.9094074,0.356256,119.6709,1223.491,11,45,90
1770621115.9094212,0.356256,119.6709,1223.491,200,65,90
1770621115.9094357,0.356256,119.6709,1223.491,127,85,90
1770621115.9094496,0.356256,119.6709,1223.491,32,105,90
1770621115.9094634,0.356256,119.6709,1223.491,51,125,90
1770621115.9094775,0.356256,119.6709,1223.491,51,145,90
1770621115.9094913,0.356256,119.6709,1223.491,98,25,120
1770621115.9095051,0.356256,119.6709,1223.491,15,45,120
1770621115.9095192,0.356256,119.6709,1223.491,16,65,120
1770621115.9095333,0.356256,119.6709,1223.491,99,85,120
1770621115.9095469,0.356256,119.6709,1223.491,37,105,120
1770621115.9095612,0.356256,119.6709,1223.491,44,125,120
1770621115.909575,0.356256,119.6709,1223.491,16,145,120
1770621134.9094522,29.41259,97.53322,1402.961,51,25,60
1770621134.9094825,29.41259,97.53322,1402.961,64,45,60
1770621134.909497,29.41259,97.53322,1402.961,58,65,60
1770621134.9095094,29.41259,97.53322,1402.961,37,85,60
1770621134.9095228,29.41259,97.53322,1402.961,28,105,60
1770621134.9095345,29.41259,97.53322,1402.961,21,125,60
1770621134.909546,29.41259,97.53322,1402.961,22,145,60
1770621134.9095576,29.41259,97.53322,1402.961,39,25,90
1770621134.9095697,29.41259,97.53322,1402.961,51,45,90
1770621134.909582,29.41259,97.53322,1402.961,38,65,90
1770621134.9095933,29.41259,97.53322,1402.961,30,85,90
1770621134.9096057,29.41259,97.53322,1402.961,33,105,90
1770621134.9096174,29.41259,97.53322,1402.961,34,125,90
1770621134.9096289,29.41259,97.53322,1402.961,49,145,90
1770621134.9096413,29.41259,97.53322,1402.961,30,25,120
1770621134.9096532,29.41259,97.53322,1402.961,45,45,120
1770621134.909665,29.41259,97.53322,1402.961,58,65,120
1770621134.909678,29.41259,97.53322,1402.961,37,85,120
1770621134.9096909,29.41259,97.53322,1402.961,45,105,120
1770621134.9097033,29.41259,97.53322,1402.961,38,125,120
1770621134.9097137,29.41259,97.53322,1402.961,50,145,120
1770621142.4785824,110.892,35.45488,1402.961,39,25,60
1770621142.478612,110.892,35.45488,1402.961,38,45,60
1770621142.4786277,110.892,35.45488,1402.961,37,65,60
1770621142.4786427,110.892,35.45488,1402.961,53,85,60
1770621142.478657,110.892,35.45488,1402.961,70,105,60
1770621142.478671,110.892,35.45488,1402.961,58,125,60
1770621142.4786847,110.892,35.45488,1402.961,29,145,60
1770621142.478699,110.892,35.45488,1402.961,36,25,90
1770621142.4787369,110.892,35.45488,1402.961,179,45,90
1770621142.478751,110.892,35.45488,1402.961,35,65,90
1770621142.4787686,110.892,35.45488,1402.961,38,85,90
1770621142.478784,110.892,35.45488,1402.961,43,105,90
1770621142.478798,110.892,35.45488,1402.961,42,125,90
1770621142.4788337,110.892,35.45488,1402.961,42,145,90
1770621142.4788508,110.892,35.45488,1402.961,44,25,120
1770621142.4788654,110.892,35.45488,1402.961,48,45,120
1770621142.4788792,110.892,35.45488,1402.961,37,65,120
1770621142.4788935,110.892,35.45488,1402.961,29,85,120
1770621142.4789078,110.892,35.45488,1402.961,31,105,120
1770621142.4789221,110.892,35.45488,1402.961,50,125,120
1770621142.4789336,110.892,35.45488,1402.961,51,145,120
1770621253.6337628,12.75,0,0,200,25,60
1770621253.6337948,12.75,0,0,200,45,60
1770621253.6338074,12.75,0,0,200,65,60
1770621253.6338186,12.75,0,0,200,85,60
1770621253.6338294,12.75,0,0,200,105,60
1770621253.63384,12.75,0,0,200,125,60
1770621253.6338506,12.75,0,0,200,145,60
1770621253.6338613,12.75,0,0,200,25,90
1770621253.6338716,12.75,0,0,200,45,90
1770621253.633882,12.75,0,0,200,65,90
1770621253.6338928,12.75,0,0,17,85,90
1770621253.633903,12.75,0,0,200,105,90
1770621253.6339135,12.75,0,0,16,125,90
1770621253.6339238,12.75,0,0,17,145,90
1770621253.6339343,12.75,0,0,16,25,120
1770621253.633945,12.75,0,0,16,45,120
1770621253.6339555,12.75,0,0,16,65,120
1770621253.633966,12.75,0,0,16,85,120
1770621253.6339765,12.75,0,0,18,105,120
1770621253.6339872,12.75,0,0,17,125,120
1770621253.6339977,12.75,0,0,200,145,120
1770621278.4467359,58.19397,0.864857,177.9481,73,25,60
1770621278.4467676,58.19397,0.864857,177.9481,6,45,60
1770621278.4467838,58.19397,0.864857,177.9481,30,65,60
1770621278.4467983,58.19397,0.864857,177.9481,31,85,60
1770621278.4468129,58.19397,0.864857,177.9481,17,105,60
1770621278.446828,58.19397,0.864857,177.9481,17,125,60
1770621278.446842,58.19397,0.864857,177.9481,73,145,60
1770621278.4468558,58.19397,0.864857,177.9481,29,25,90
1770621278.4468699,58.19397,0.864857,177.9481,28,45,90
1770621278.4468842,58.19397,0.864857,177.9481,28,65,90
1770621278.4468982,58.19397,0.864857,177.9481,29,85,90
1770621278.4469123,58.19397,0.864857,177.9481,40,105,90
1770621278.4469264,58.19397,0.864857,177.9481,71,125,90
1770621278.4469402,58.19397,0.864857,177.9481,72,145,90
1770621278.4469543,58.19397,0.864857,177.9481,29,25,120
1770621278.4469683,58.19397,0.864857,177.9481,29,45,120
1770621278.446982,58.19397,0.864857,177.9481,25,65,120
1770621278.4469962,58.19397,0.864857,177.9481,30,85,120
1770621278.4470103,58.19397,0.864857,177.9481,39,105,120
1770621278.4470243,58.19397,0.864857,177.9481,71,125,120
1770621278.4470384,58.19397,0.864857,177.9481,72,145,120
1770621283.0636816,58.19397,0.864857,177.9481,30,25,60
1770621283.0637112,58.19397,0.864857,177.9481,30,45,60
1770621283.063727,58.19397,0.864857,177.9481,29,65,60
1770621283.0637412,58.19397,0.864857,177.9481,31,85,60
1770621283.063755,58.19397,0.864857,177.9481,72,105,60
1770621283.063769,58.19397,0.864857,177.9481,72,125,60
1770621283.063783,58.19397,0.864857,177.9481,74,145,60
1770621283.0637965,58.19397,0.864857,177.9481,30,25,90
1770621283.0638108,58.19397,0.864857,177.9481,27,45,90
1770621283.0638251,58.19397,0.864857,177.9481,28,65,90
1770621283.0638392,58.19397,0.864857,177.9481,29,85,90
1770621283.063853,58.19397,0.864857,177.9481,29,105,90
1770621283.0638666,58.19397,0.864857,177.9481,29,125,90
1770621283.0638807,58.19397,0.864857,177.9481,29,145,90
1770621283.0638947,58.19397,0.864857,177.9481,28,25,120
1770621283.0639088,58.19397,0.864857,177.9481,29,45,120
1770621283.0639231,58.19397,0.864857,177.9481,25,65,120
1770621283.063937,58.19397,0.864857,177.9481,30,85,120
1770621283.0639505,58.19397,0.864857,177.9481,39,105,120
1770621283.063965,58.19397,0.864857,177.9481,71,125,120
1770621283.0639791,58.19397,0.864857,177.9481,73,145,120
1770621287.6827393,58.19397,0.864857,177.9481,30,25,60
1770621287.68277,58.19397,0.864857,177.9481,30,45,60
1770621287.6827857,58.19397,0.864857,177.9481,29,65,60
1770621287.6828,58.19397,0.864857,177.9481,31,85,60
1770621287.6828136,58.19397,0.864857,177.9481,51,105,60
1770621287.6828277,58.19397,0.864857,177.9481,53,125,60
1770621287.6828449,58.19397,0.864857,177.9481,73,145,60
1770621287.6828613,58.19397,0.864857,177.9481,30,25,90
1770621287.682872,58.19397,0.864857,177.9481,28,45,90
1770621287.682883,58.19397,0.864857,177.9481,28,65,90
1770621287.6828938,58.19397,0.864857,177.9481,29,85,90
1770621287.6829052,58.19397,0.864857,177.9481,64,105,90
1770621287.6829162,58.19397,0.864857,177.9481,71,125,90
1770621287.682927,58.19397,0.864857,177.9481,72,145,90
1770621287.6829388,58.19397,0.864857,177.9481,29,25,120
1770621287.6829498,58.19397,0.864857,177.9481,29,45,120
1770621287.6829612,58.19397,0.864857,177.9481,26,65,120
1770621287.682973,58.19397,0.864857,177.9481,30,85,120
1770621287.6829839,58.19397,0.864857,177.9481,38,105,120
1770621287.6829946,58.19397,0.864857,177.9481,71,125,120
1770621287.683005,58.19397,0.864857,177.9481,73,145,120
1770622242.9683669,12.75,0,0,30,25,60
1770622242.9683974,12.75,0,0,30,45,60
1770622242.9684088,12.75,0,0,34,65,60
1770622242.9684198,12.75,0,0,40,85,60
1770622242.9684305,12.75,0,0,43,105,60
1770622242.9684415,12.75,0,0,49,125,60
1770622242.9684522,12.75,0,0,53,145,60
1770622242.9684627,12.75,0,0,26,25,90
1770622242.9684737,12.75,0,0,25,45,90
1770622242.9684844,12.75,0,0,26,65,90
1770622242.9684947,12.75,0,0,30,85,90
1770622242.9685051,12.75,0,0,38,105,90
1770622242.9685156,12.75,0,0,38,125,90
1770622242.968526,12.75,0,0,58,145,90
1770622242.9685364,12.75,0,0,31,25,120
1770622242.9685466,12.75,0,0,30,45,120
1770622242.9685571,12.75,0,0,21,65,120
1770622242.9685678,12.75,0,0,31,85,120
1770622242.9685783,12.75,0,0,42,105,120
1770622242.9686081,12.75,0,0,36,125,120
1770622242.9686205,12.75,0,0,36,145,120
1770622247.79941,72.1905,0,0,46,25,60
1770622247.799436,72.1905,0,0,32,45,60
1770622247.799448,72.1905,0,0,31,65,60
1770622247.7994592,72.1905,0,0,37,85,60
1770622247.7994704,72.1905,0,0,41,105,60
1770622247.799482,72.1905,0,0,55,125,60
1770622247.7994926,72.1905,0,0,52,145,60
1770622247.7995038,72.1905,0,0,27,25,90
1770622247.7995145,72.1905,0,0,27,45,90
1770622247.7995257,72.1905,0,0,25,65,90
1770622247.7995365,72.1905,0,0,26,85,90
1770622247.7995472,72.1905,0,0,39,105,90
1770622247.7995582,72.1905,0,0,40,125,90
1770622247.79957,72.1905,0,0,51,145,90
1770622247.7995815,72.1905,0,0,30,25,120
1770622247.7995923,72.1905,0,0,37,45,120
1770622247.7996027,72.1905,0,0,31,65,120
1770622247.7996142,72.1905,0,0,29,85,120
1770622247.7996247,72.1905,0,0,29,105,120
1770622247.7996354,72.1905,0,0,51,125,120
1770622247.7996464,72.1905,0,0,51,145,120
1770622507.6531022,12.75,0,0,12,25,60
1770622507.6531332,12.75,0,0,15,45,60
1770622507.6531453,12.75,0,0,16,65,60
1770622507.6531565,12.75,0,0,17,85,60
1770622507.653168,12.75,0,0,11,105,60
1770622507.653179,12.75,0,0,60,125,60
1770622507.6531892,12.75,0,0,39,145,60
1770622507.6532001,12.75,0,0,10,25,90
1770622507.6532114,12.75,0,0,11,45,90
1770622507.653226,12.75,0,0,10,65,90
1770622507.653237,12.75,0,0,8,85,90
1770622507.6532476,12.75,0,0,5,105,90
1770622507.6532586,12.75,0,0,5,125,90
1770622507.653269,12.75,0,0,37,145,90
1770622507.6532795,12.75,0,0,7,25,120
1770622507.65329,12.75,0,0,11,45,120
1770622507.6533,12.75,0,0,10,65,120
1770622507.6533103,12.75,0,0,10,85,120
1770622507.6533213,12.75,0,0,8,105,120
1770622507.6533318,12.75,0,0,5,125,120
1770622507.6533422,12.75,0,0,8,145,120
1770622513.2794163,77.27775,0,0,9,25,60
1770622513.279444,77.27775,0,0,10,45,60
1770622513.279457,77.27775,0,0,200,65,60
1770622513.2794693,77.27775,0,0,10,85,60
1770622513.2794805,77.27775,0,0,200,105,60
1770622513.2794933,77.27775,0,0,53,125,60
1770622513.2795053,77.27775,0,0,52,145,60
1770622513.2795165,77.27775,0,0,5,25,90
1770622513.2795277,77.27775,0,0,10,45,90
1770622513.2795393,77.27775,0,0,11,65,90
1770622513.2795508,77.27775,0,0,5,85,90
1770622513.2795618,77.27775,0,0,3,105,90
1770622513.279573,77.27775,0,0,3,125,90
1770622513.279584,77.27775,0,0,3,145,90
1770622513.2795982,77.27775,0,0,6,25,120
1770622513.2796128,77.27775,0,0,9,45,120
1770622513.2796218,77.27775,0,0,10,65,120
1770622513.2796307,77.27775,0,0,5,85,120
1770622513.2796443,77.27775,0,0,9,105,120
1770622513.2796571,77.27775,0,0,56,125,120
1770622513.2796686,77.27775,0,0,5,145,120
1770622523.1018465,74.36294,21.68397,97.67435,200,25,60
1770622523.1018791,74.36294,21.68397,97.67435,39,45,60
1770622523.1018965,74.36294,21.68397,97.67435,51,65,60
1770622523.1019118,74.36294,21.68397,97.67435,5,85,60
1770622523.1019273,74.36294,21.68397,97.67435,5,105,60
1770622523.1019418,74.36294,21.68397,97.67435,7,125,60
1770622523.101956,74.36294,21.68397,97.67435,9,145,60
1770622523.1019702,74.36294,21.68397,97.67435,7,25,90
1770622523.1019843,74.36294,21.68397,97.67435,5,45,90
1770622523.1020021,74.36294,21.68397,97.67435,9,65,90
1770622523.1020164,74.36294,21.68397,97.67435,12,85,90
1770622523.1020308,74.36294,21.68397,97.67435,5,105,90
1770622523.1020453,74.36294,21.68397,97.67435,4,125,90
1770622523.1020596,74.36294,21.68397,97.67435,3,145,90
1770622523.1020732,74.36294,21.68397,97.67435,4,25,120
1770622523.1020875,74.36294,21.68397,97.67435,11,45,120
1770622523.1021016,74.36294,21.68397,97.67435,16,65,120
1770622523.1021159,74.36294,21.68397,97.67435,4,85,120
1770622523.1021302,74.36294,21.68397,97.67435,5,105,120
1770622523.1021442,74.36294,21.68397,97.67435,4,125,120
1770622523.1021583,74.36294,21.68397,97.67435,6,145,120
1770622529.4158177,63.60567,101.7099,97.67435,14,25,60
1770622529.4158618,63.60567,101.7099,97.67435,200,45,60
1770622529.4158783,63.60567,101.7099,97.67435,12,65,60
1770622529.4158936,63.60567,101.7099,97.67435,18,85,60
1770622529.415908,63.60567,101.7099,97.67435,7,105,60
1770622529.4159229,63.60567,101.7099,97.67435,200,125,60
1770622529.4159381,63.60567,101.7099,97.67435,16,145,60
1770622529.4159527,63.60567,101.7099,97.67435,8,25,90
1770622529.4159672,63.60567,101.7099,97.67435,37,45,90
1770622529.4159963,63.60567,101.7099,97.67435,7,65,90
1770622529.4160125,63.60567,101.7099,97.67435,5,85,90
1770622529.4160273,63.60567,101.7099,97.67435,4,105,90
1770622529.4160414,63.60567,101.7099,97.67435,3,125,90
1770622529.416056,63.60567,101.7099,97.67435,4,145,90
1770622529.4160705,63.60567,101.7099,97.67435,16,25,120
1770622529.416085,63.60567,101.7099,97.67435,45,45,120
1770622529.4160993,63.60567,101.7099,97.67435,4,65,120
1770622529.4161139,63.60567,101.7099,97.67435,5,85,120
1770622529.4161284,63.60567,101.7099,97.67435,7,105,120
1770622529.4161427,63.60567,101.7099,97.67435,4,125,120
1770622529.416157,63.60567,101.7099,97.67435,4,145,120
1770622538.6440988,65.21907,89.58961,277.6347,72,25,60
1770622538.6441338,65.21907,89.58961,277.6347,72,45,60
1770622538.6441507,65.21907,89.58961,277.6347,100,65,60
1770622538.644168,65.21907,89.58961,277.6347,110,85,60
1770622538.6441827,65.21907,89.58961,277.6347,113,105,60
1770622538.6441994,65.21907,89.58961,277.6347,74,125,60
1770622538.6442142,65.21907,89.58961,277.6347,96,145,60
1770622538.6442292,65.21907,89.58961,277.6347,58,25,90
1770622538.6442444,65.21907,89.58961,277.6347,49,45,90
1770622538.6442592,65.21907,89.58961,277.6347,37,65,90
1770622538.6442754,65.21907,89.58961,277.6347,37,85,90
1770622538.6442893,65.21907,89.58961,277.6347,35,105,90
1770622538.6443038,65.21907,89.58961,277.6347,72,125,90
1770622538.644318,65.21907,89.58961,277.6347,73,145,90
1770622538.6443326,65.21907,89.58961,277.6347,16,25,120
1770622538.6443467,65.21907,89.58961,277.6347,49,45,120
1770622538.644361,65.21907,89.58961,277.6347,16,65,120
1770622538.6443756,65.21907,89.58961,277.6347,16,85,120
1770622538.6443899,65.21907,89.58961,277.6347,36,105,120
1770622538.6444037,65.21907,89.58961,277.6347,61,125,120
1770622538.644418,65.21907,89.58961,277.6347,57,145,120
1770622551.8699758,81.17467,-30.27409,277.6347,79,25,60
1770622551.8700068,81.17467,-30.27409,277.6347,48,45,60
1770622551.8700235,81.17467,-30.27409,277.6347,89,65,60
1770622551.8700387,81.17467,-30.27409,277.6347,83,85,60
1770622551.870054,81.17467,-30.27409,277.6347,75,105,60
1770622551.8700686,81.17467,-30.27409,277.6347,65,125,60
1770622551.8700833,81.17467,-30.27409,277.6347,59,145,60
1770622551.8700976,81.17467,-30.27409,277.6347,38,25,90
1770622551.870112,81.17467,-30.27409,277.6347,51,45,90
1770622551.870126,81.17467,-30.27409,277.6347,45,65,90
1770622551.8701398,81.17467,-30.27409,277.6347,39,85,90
1770622551.870155,81.17467,-30.27409,277.6347,43,105,90
1770622551.8701692,81.17467,-30.27409,277.6347,59,125,90
1770622551.8701832,81.17467,-30.27409,277.6347,59,145,90
1770622551.8702018,81.17467,-30.27409,277.6347,17,25,120
1770622551.8702137,81.17467,-30.27409,277.6347,159,45,120
1770622551.8702245,81.17467,-30.27409,277.6347,42,65,120
1770622551.8702366,81.17467,-30.27409,277.6347,17,85,120
1770622551.870252,81.17467,-30.27409,277.6347,17,105,120
1770622551.8702643,81.17467,-30.27409,277.6347,18,125,120
1770622551.8702765,81.17467,-30.27409,277.6347,45,145,120
1770622561.544813,78.64167,-10.9446,457.552,37,25,60
1770622561.5448437,78.64167,-10.9446,457.552,39,45,60
1770622561.5448594,78.64167,-10.9446,457.552,30,65,60
1770622561.5448742,78.64167,-10.9446,457.552,38,85,60
1770622561.5448885,78.64167,-10.9446,457.552,58,105,60
1770622561.5449035,78.64167,-10.9446,457.552,31,125,60
1770622561.5449176,78.64167,-10.9446,457.552,44,145,60
1770622561.5449314,78.64167,-10.9446,457.552,30,25,90
1770622561.5449455,78.64167,-10.9446,457.552,49,45,90
1770622561.5449593,78.64167,-10.9446,457.552,28,65,90
1770622561.5449734,78.64167,-10.9446,457.552,32,85,90
1770622561.544987,78.64167,-10.9446,457.552,30,105,90
1770622561.5449998,78.64167,-10.9446,457.552,27,125,90
1770622561.5450137,78.64167,-10.9446,457.552,24,145,90
1770622561.5450275,78.64167,-10.9446,457.552,39,25,120
1770622561.545041,78.64167,-10.9446,457.552,31,45,120
1770622561.5450573,78.64167,-10.9446,457.552,35,65,120
1770622561.5450723,78.64167,-10.9446,457.552,39,85,120
1770622561.5450833,78.64167,-10.9446,457.552,30,105,120
1770622561.5450933,78.64167,-10.9446,457.552,26,125,120
1770622561.5451038,78.64167,-10.9446,457.552,27,145,120
1770622566.5896528,70.79586,48.92752,457.552,30,25,60
1770622566.5896862,70.79586,48.92752,457.552,29,45,60
1770622566.589699,70.79586,48.92752,457.552,26,65,60
1770622566.5897112,70.79586,48.92752,457.552,37,85,60
1770622566.5897222,70.79586,48.92752,457.552,57,105,60
1770622566.589734,70.79586,48.92752,457.552,21,125,60
1770622566.5897458,70.79586,48.92752,457.552,31,145,60
1770622566.5897572,70.79586,48.92752,457.552,35,25,90
1770622566.5897715,70.79586,48.92752,457.552,47,45,90
1770622566.5897841,70.79586,48.92752,457.552,36,65,90
1770622566.5897954,70.79586,48.92752,457.552,37,85,90
1770622566.589806,70.79586,48.92752,457.552,27,105,90
1770622566.5898175,70.79586,48.92752,457.552,21,125,90
1770622566.589828,70.79586,48.92752,457.552,23,145,90
1770622566.5898385,70.79586,48.92752,457.552,28,25,120
1770622566.58985,70.79586,48.92752,457.552,30,45,120
1770622566.589863,70.79586,48.92752,457.552,25,65,120
1770622566.5898745,70.79586,48.92752,457.552,36,85,120
1770622566.5898862,70.79586,48.92752,457.552,60,105,120
1770622566.5898972,70.79586,48.92752,457.552,23,125,120
1770622566.5899081,70.79586,48.92752,457.552,23,145,120
1770622573.2840629,62.17971,114.6781,457.552,32,25,60
1770622573.2840958,62.17971,114.6781,457.552,21,45,60
1770622573.284112,62.17971,114.6781,457.552,30,65,60
1770622573.2841268,62.17971,114.6781,457.552,32,85,60
1770622573.2841432,62.17971,114.6781,457.552,51,105,60
1770622573.2841587,62.17971,114.6781,457.552,28,125,60
1770622573.2841733,62.17971,114.6781,457.552,17,145,60
1770622573.2841883,62.17971,114.6781,457.552,37,25,90
1770622573.2842033,62.17971,114.6781,457.552,29,45,90
1770622573.284218,62.17971,114.6781,457.552,23,65,90
1770622573.2842326,62.17971,114.6781,457.552,31,85,90
1770622573.2842476,62.17971,114.6781,457.552,20,105,90
1770622573.284264,62.17971,114.6781,457.552,17,125,90
1770622573.2842793,62.17971,114.6781,457.552,18,145,90
1770622573.2842934,62.17971,114.6781,457.552,31,25,120
1770622573.284308,62.17971,114.6781,457.552,19,45,120
1770622573.284322,62.17971,114.6781,457.552,27,65,120
1770622573.2843363,62.17971,114.6781,457.552,35,85,120
1770622573.2843506,62.17971,114.6781,457.552,58,105,120
1770622573.2843654,62.17971,114.6781,457.552,18,125,120
1770622573.2843795,62.17971,114.6781,457.552,18,145,120
1770622582.0620627,63.64687,103.1045,637.345,25,25,60
1770622582.0620925,63.64687,103.1045,637.345,58,45,60
1770622582.0621085,63.64687,103.1045,637.345,58,65,60
1770622582.0621238,63.64687,103.1045,637.345,24,85,60
1770622582.0621386,63.64687,103.1045,637.345,28,105,60
1770622582.0621529,63.64687,103.1045,637.345,30,125,60
1770622582.0621667,63.64687,103.1045,637.345,34,145,60
1770622582.0621805,63.64687,103.1045,637.345,24,25,90
1770622582.0622017,63.64687,103.1045,637.345,57,45,90
1770622582.0622318,63.64687,103.1045,637.345,57,65,90
1770622582.0622437,63.64687,103.1045,637.345,19,85,90
1770622582.062267,63.64687,103.1045,637.345,18,105,90
1770622582.0622818,63.64687,103.1045,637.345,17,125,90
1770622582.0622952,63.64687,103.1045,637.345,20,145,90
1770622582.062309,63.64687,103.1045,637.345,22,25,120
1770622582.0623226,63.64687,103.1045,637.345,23,45,120
1770622582.0623367,63.64687,103.1045,637.345,25,65,120
1770622582.062351,63.64687,103.1045,637.345,23,85,120
1770622582.0623646,63.64687,103.1045,637.345,21,105,120
1770622582.0623786,63.64687,103.1045,637.345,23,125,120
1770622582.0623922,63.64687,103.1045,637.345,30,145,120
1770622587.350973,71.39319,41.9983,637.345,60,25,60
1770622587.351003,71.39319,41.9983,637.345,55,45,60
1770622587.351017,71.39319,41.9983,637.345,71,65,60
1770622587.3510303,71.39319,41.9983,637.345,200,85,60
1770622587.3510437,71.39319,41.9983,637.345,85,105,60
1770622587.351056,71.39319,41.9983,637.345,33,125,60
1770622587.3510683,71.39319,41.9983,637.345,31,145,60
1770622587.3510811,71.39319,41.9983,637.345,21,25,90
1770622587.3510938,71.39319,41.9983,637.345,53,45,90
1770622587.3511055,71.39319,41.9983,637.345,67,65,90
1770622587.3511178,71.39319,41.9983,637.345,23,85,90
1770622587.3511305,71.39319,41.9983,637.345,21,105,90
1770622587.3511426,71.39319,41.9983,637.345,21,125,90
1770622587.3511548,71.39319,41.9983,637.345,23,145,90
1770622587.351167,71.39319,41.9983,637.345,21,25,120
1770622587.3511794,71.39319,41.9983,637.345,59,45,120
1770622587.3511913,71.39319,41.9983,637.345,23,65,120
1770622587.3512044,71.39319,41.9983,637.345,20,85,120
1770622587.351216,71.39319,41.9983,637.345,19,105,120
1770622587.3512273,71.39319,41.9983,637.345,22,125,120
1770622587.351239,71.39319,41.9983,637.345,25,145,120
1770622596.7532616,70.00761,54.22378,816.6201,86,25,60
1770622596.7532938,70.00761,54.22378,816.6201,58,45,60
1770622596.7533095,70.00761,54.22378,816.6201,95,65,60
1770622596.7533252,70.00761,54.22378,816.6201,89,85,60
1770622596.753339,70.00761,54.22378,816.6201,67,105,60
1770622596.7533538,70.00761,54.22378,816.6201,65,125,60
1770622596.7533677,70.00761,54.22378,816.6201,109,145,60
1770622596.7533853,70.00761,54.22378,816.6201,55,25,90
1770622596.7533958,70.00761,54.22378,816.6201,72,45,90
1770622596.7534068,70.00761,54.22378,816.6201,51,65,90
1770622596.7534192,70.00761,54.22378,816.6201,55,85,90
1770622596.7534337,70.00761,54.22378,816.6201,64,105,90
1770622596.7534451,70.00761,54.22378,816.6201,65,125,90
1770622596.7534556,70.00761,54.22378,816.6201,64,145,90
1770622596.7534661,70.00761,54.22378,816.6201,27,25,120
1770622596.7534766,70.00761,54.22378,816.6201,64,45,120
1770622596.7534878,70.00761,54.22378,816.6201,27,65,120
1770622596.7534995,70.00761,54.22378,816.6201,26,85,120
1770622596.7535138,70.00761,54.22378,816.6201,67,105,120
1770622596.7535276,70.00761,54.22378,816.6201,67,125,120
1770622596.7535417,70.00761,54.22378,816.6201,69,145,120
1770622617.5213661,109.3317,17.05375,676.7407,17,25,60
1770622617.5214126,109.3317,17.05375,676.7407,14,45,60
1770622617.5214417,109.3317,17.05375,676.7407,16,65,60
1770622617.5214705,109.3317,17.05375,676.7407,200,85,60
1770622617.5214994,109.3317,17.05375,676.7407,58,105,60
1770622617.5215273,109.3317,17.05375,676.7407,51,125,60
1770622617.5215552,109.3317,17.05375,676.7407,50,145,60
1770622617.5215838,109.3317,17.05375,676.7407,16,25,90
1770622617.5216115,109.3317,17.05375,676.7407,4,45,90
1770622617.5216403,109.3317,17.05375,676.7407,58,65,90
1770622617.5216699,109.3317,17.05375,676.7407,200,85,90
1770622617.5216978,109.3317,17.05375,676.7407,106,105,90
1770622617.5217261,109.3317,17.05375,676.7407,16,125,90
1770622617.5217547,109.3317,17.05375,676.7407,20,145,90
1770622617.521783,109.3317,17.05375,676.7407,12,25,120
1770622617.521811,109.3317,17.05375,676.7407,12,45,120
1770622617.5218391,109.3317,17.05375,676.7407,14,65,120
1770622617.5218565,109.3317,17.05375,676.7407,114,85,120
1770622617.5218685,109.3317,17.05375,676.7407,72,105,120
1770622617.5218806,109.3317,17.05375,676.7407,58,125,120
1770622617.5218933,109.3317,17.05375,676.7407,51,145,120
1770622633.8115768,70.95639,54.05441,856.2064,55,25,60
1770622633.8116107,70.95639,54.05441,856.2064,51,45,60
1770622633.81163,70.95639,54.05441,856.2064,54,65,60
1770622633.8116446,70.95639,54.05441,856.2064,58,85,60
1770622633.811659,70.95639,54.05441,856.2064,63,105,60
1770622633.8116732,70.95639,54.05441,856.2064,101,125,60
1770622633.8116875,70.95639,54.05441,856.2064,74,145,60
1770622633.8117015,70.95639,54.05441,856.2064,48,25,90
1770622633.8117154,70.95639,54.05441,856.2064,47,45,90
1770622633.8117294,70.95639,54.05441,856.2064,51,65,90
1770622633.8117433,70.95639,54.05441,856.2064,55,85,90
1770622633.8117568,70.95639,54.05441,856.2064,36,105,90
1770622633.811771,70.95639,54.05441,856.2064,37,125,90
1770622633.8117845,70.95639,54.05441,856.2064,65,145,90
1770622633.8117986,70.95639,54.05441,856.2064,16,25,120
1770622633.8118129,70.95639,54.05441,856.2064,53,45,120
1770622633.8118296,70.95639,54.05441,856.2064,48,65,120
1770622633.8118439,70.95639,54.05441,856.2064,16,85,120
1770622633.8118577,70.95639,54.05441,856.2064,16,105,120
1770622633.811872,70.95639,54.05441,856.2064,16,125,120
1770622633.8118856,70.95639,54.05441,856.2064,64,145,120
1770622647.3598626,102.3531,23.51996,1035.993,62,25,60
1770622647.3598964,102.3531,23.51996,1035.993,49,45,60
1770622647.3599124,102.3531,23.51996,1035.993,63,65,60
1770622647.359927,102.3531,23.51996,1035.993,61,85,60
1770622647.3599415,102.3531,23.51996,1035.993,63,105,60
1770622647.359956,102.3531,23.51996,1035.993,70,125,60
1770622647.35997,102.3531,23.51996,1035.993,99,145,60
1770622647.3599837,102.3531,23.51996,1035.993,51,25,90
1770622647.359998,102.3531,23.51996,1035.993,16,45,90
1770622647.3600116,102.3531,23.51996,1035.993,48,65,90
1770622647.3600292,102.3531,23.51996,1035.993,61,85,90
1770622647.3600433,102.3531,23.51996,1035.993,61,105,90
1770622647.360057,102.3531,23.51996,1035.993,42,125,90
1770622647.360071,102.3531,23.51996,1035.993,42,145,90
1770622647.3600843,102.3531,23.51996,1035.993,58,25,120
1770622647.3600986,102.3531,23.51996,1035.993,65,45,120
1770622647.3601122,102.3531,23.51996,1035.993,67,65,120
1770622647.3601263,102.3531,23.51996,1035.993,71,85,120
1770622647.36014,102.3531,23.51996,1035.993,17,105,120
1770622647.360154,102.3531,23.51996,1035.993,19,125,120
1770622647.3601677,102.3531,23.51996,1035.993,17,145,120
1770622667.4900854,102.3531,23.51996,1213.494,16,25,60
1770622667.49012,102.3531,23.51996,1213.494,13,45,60
1770622667.4901361,102.3531,23.51996,1213.494,3,65,60
1770622667.4901514,102.3531,23.51996,1213.494,5,85,60
1770622667.490166,102.3531,23.51996,1213.494,3,105,60
1770622667.4901805,102.3531,23.51996,1213.494,4,125,60
1770622667.490193,102.3531,23.51996,1213.494,33,145,60
1770622667.4902072,102.3531,23.51996,1213.494,2,25,90
1770622667.4902217,102.3531,23.51996,1213.494,17,45,90
1770622667.490237,102.3531,23.51996,1213.494,3,65,90
1770622667.490251,102.3531,23.51996,1213.494,2,85,90
1770622667.490265,102.3531,23.51996,1213.494,2,105,90
1770622667.4902787,102.3531,23.51996,1213.494,15,125,90
1770622667.490293,102.3531,23.51996,1213.494,6,145,90
1770622667.4903069,102.3531,23.51996,1213.494,2,25,120
1770622667.4903214,102.3531,23.51996,1213.494,30,45,120
1770622667.4903362,102.3531,23.51996,1213.494,30,65,120
1770622667.4903505,102.3531,23.51996,1213.494,2,85,120
1770622667.4903653,102.3531,23.51996,1213.494,2,105,120
1770622667.4903796,102.3531,23.51996,1213.494,5,125,120
1770622667.490394,102.3531,23.51996,1213.494,16,145,120
1770622673.9359074,102.3531,23.51996,1213.494,3,25,60
1770622673.9359365,102.3531,23.51996,1213.494,18,45,60
1770622673.935951,102.3531,23.51996,1213.494,3,65,60
1770622673.9359648,102.3531,23.51996,1213.494,3,85,60
1770622673.9359777,102.3531,23.51996,1213.494,8,105,60
1770622673.9359937,102.3531,23.51996,1213.494,200,125,60
1770622673.9360063,102.3531,23.51996,1213.494,31,145,60
1770622673.9360192,102.3531,23.51996,1213.494,3,25,90
1770622673.9360309,102.3531,23.51996,1213.494,26,45,90
1770622673.9360437,102.3531,23.51996,1213.494,29,65,90
1770622673.9360564,102.3531,23.51996,1213.494,2,85,90
1770622673.9360683,102.3531,23.51996,1213.494,1,105,90
1770622673.936081,102.3531,23.51996,1213.494,16,125,90
1770622673.936093,102.3531,23.51996,1213.494,3,145,90
1770622673.9361057,102.3531,23.51996,1213.494,13,25,120
1770622673.9361174,102.3531,23.51996,1213.494,28,45,120
1770622673.9361296,102.3531,23.51996,1213.494,3,65,120
1770622673.936142,102.3531,23.51996,1213.494,4,85,120
1770622673.9361541,102.3531,23.51996,1213.494,8,105,120
1770622673.9361663,102.3531,23.51996,1213.494,9,125,120
1770622673.9361787,102.3531,23.51996,1213.494,17,145,120
1770622688.719043,102.3531,23.51996,1213.494,3,25,60
1770622688.719077,102.3531,23.51996,1213.494,16,45,60
1770622688.7190952,102.3531,23.51996,1213.494,3,65,60
1770622688.7191117,102.3531,23.51996,1213.494,2,85,60
1770622688.7191262,102.3531,23.51996,1213.494,4,105,60
1770622688.7191417,102.3531,23.51996,1213.494,44,125,60
1770622688.7191563,102.3531,23.51996,1213.494,45,145,60
1770622688.7191699,102.3531,23.51996,1213.494,2,25,90
1770622688.719184,102.3531,23.51996,1213.494,19,45,90
1770622688.719198,102.3531,23.51996,1213.494,4,65,90
1770622688.7192116,102.3531,23.51996,1213.494,3,85,90
1770622688.7192254,102.3531,23.51996,1213.494,3,105,90
1770622688.7192395,102.3531,23.51996,1213.494,43,125,90
1770622688.719253,102.3531,23.51996,1213.494,40,145,90
1770622688.7192674,102.3531,23.51996,1213.494,5,25,120
1770622688.719282,102.3531,23.51996,1213.494,17,45,120
1770622688.7192955,102.3531,23.51996,1213.494,66,65,120
1770622688.7193098,102.3531,23.51996,1213.494,5,85,120
1770622688.7193244,102.3531,23.51996,1213.494,2,105,120
1770622688.719339,102.3531,23.51996,1213.494,40,125,120
1770622688.7193527,102.3531,23.51996,1213.494,36,145,120
1770622693.3376713,102.3531,23.51996,1213.494,2,25,60
1770622693.3377004,102.3531,23.51996,1213.494,13,45,60
1770622693.3377163,102.3531,23.51996,1213.494,4,65,60
1770622693.3377306,102.3531,23.51996,1213.494,3,85,60
1770622693.3377438,102.3531,23.51996,1213.494,53,105,60
1770622693.337756,102.3531,23.51996,1213.494,48,125,60
1770622693.337774,102.3531,23.51996,1213.494,35,145,60
1770622693.3377883,102.3531,23.51996,1213.494,4,25,90
1770622693.3378057,102.3531,23.51996,1213.494,17,45,90
1770622693.3378208,102.3531,23.51996,1213.494,4,65,90
1770622693.3378348,102.3531,23.51996,1213.494,2,85,90
1770622693.3378487,102.3531,23.51996,1213.494,5,105,90
1770622693.3378625,102.3531,23.51996,1213.494,43,125,90
1770622693.3378766,102.3531,23.51996,1213.494,32,145,90
1770622693.3378909,102.3531,23.51996,1213.494,4,25,120
1770622693.337905,102.3531,23.51996,1213.494,30,45,120
1770622693.3379188,102.3531,23.51996,1213.494,200,65,120
1770622693.3379333,102.3531,23.51996,1213.494,2,85,120
1770622693.3379474,102.3531,23.51996,1213.494,3,105,120
1770622693.3379612,102.3531,23.51996,1213.494,37,125,120
1770622693.3379757,102.3531,23.51996,1213.494,37,145,120
1770622698.9447515,102.3531,23.51996,1213.494,1,25,60
1770622698.9447918,102.3531,23.51996,1213.494,17,45,60
1770622698.9448094,102.3531,23.51996,1213.494,3,65,60
1770622698.9448256,102.3531,23.51996,1213.494,2,85,60
1770622698.944841,102.3531,23.51996,1213.494,200,105,60
1770622698.9448557,102.3531,23.51996,1213.494,53,125,60
1770622698.9448705,102.3531,23.51996,1213.494,50,145,60
1770622698.944885,102.3531,23.51996,1213.494,2,25,90
1770622698.9448996,102.3531,23.51996,1213.494,9,45,90
1770622698.9449139,102.3531,23.51996,1213.494,3,65,90
1770622698.944928,102.3531,23.51996,1213.494,2,85,90
1770622698.9449422,102.3531,23.51996,1213.494,6,105,90
1770622698.9449563,102.3531,23.51996,1213.494,37,125,90
1770622698.944971,102.3531,23.51996,1213.494,34,145,90
1770622698.9449892,102.3531,23.51996,1213.494,3,25,120
1770622698.9450066,102.3531,23.51996,1213.494,16,45,120
1770622698.9450185,102.3531,23.51996,1213.494,4,65,120
1770622698.9450343,102.3531,23.51996,1213.494,3,85,120
1770622698.9450517,102.3531,23.51996,1213.494,2,105,120
1770622698.9450662,102.3531,23.51996,1213.494,2,125,120
1770622698.9450805,102.3531,23.51996,1213.494,2,145,120
1770622706.3759165,34.53342,95.57642,1213.494,12,25,60
1770622706.3759477,34.53342,95.57642,1213.494,67,45,60
1770622706.3759825,34.53342,95.57642,1213.494,68,65,60
1770622706.376015,34.53342,95.57642,1213.494,61,85,60
1770622706.3760297,34.53342,95.57642,1213.494,56,105,60
1770622706.3760436,34.53342,95.57642,1213.494,51,125,60
1770622706.3760564,34.53342,95.57642,1213.494,54,145,60
1770622706.3760753,34.53342,95.57642,1213.494,7,25,90
1770622706.3760912,34.53342,95.57642,1213.494,10,45,90
1770622706.3761058,34.53342,95.57642,1213.494,7,65,90
1770622706.3761199,34.53342,95.57642,1213.494,3,85,90
1770622706.3761342,34.53342,95.57642,1213.494,7,105,90
1770622706.3761675,34.53342,95.57642,1213.494,45,125,90
1770622706.3761823,34.53342,95.57642,1213.494,34,145,90
1770622706.3761966,34.53342,95.57642,1213.494,2,25,120
1770622706.376211,34.53342,95.57642,1213.494,9,45,120
1770622706.3762245,34.53342,95.57642,1213.494,2,65,120
1770622706.3762388,34.53342,95.57642,1213.494,2,85,120
1770622706.3762531,34.53342,95.57642,1213.494,4,105,120
1770622706.376267,34.53342,95.57642,1213.494,46,125,120
1770622706.3762867,34.53342,95.57642,1213.494,36,145,120
1770622716.2552528,34.53342,95.57642,1372.298,16,25,60
1770622716.255292,34.53342,95.57642,1372.298,64,45,60
1770622716.255311,34.53342,95.57642,1372.298,63,65,60
1770622716.255327,34.53342,95.57642,1372.298,134,85,60
1770622716.2553418,34.53342,95.57642,1372.298,7,105,60
1770622716.255356,34.53342,95.57642,1372.298,200,125,60
1770622716.2553701,34.53342,95.57642,1372.298,3,145,60
1770622716.2553847,34.53342,95.57642,1372.298,10,25,90
1770622716.2554023,34.53342,95.57642,1372.298,63,45,90
1770622716.255424,34.53342,95.57642,1372.298,61,65,90
1770622716.2554405,34.53342,95.57642,1372.298,6,85,90
1770622716.2554548,34.53342,95.57642,1372.298,16,105,90
1770622716.2554686,34.53342,95.57642,1372.298,8,125,90
1770622716.255483,34.53342,95.57642,1372.298,200,145,90
1770622716.2554967,34.53342,95.57642,1372.298,9,25,120
1770622716.2555108,34.53342,95.57642,1372.298,43,45,120
1770622716.2555254,34.53342,95.57642,1372.298,9,65,120
1770622716.2555392,34.53342,95.57642,1372.298,8,85,120
1770622716.255553,34.53342,95.57642,1372.298,7,105,120
1770622716.2555666,34.53342,95.57642,1372.298,200,125,120
1770622716.2555811,34.53342,95.57642,1372.298,10,145,120
1770622733.022507,34.53342,95.57642,1372.298,61,25,60
1770622733.0225399,34.53342,95.57642,1372.298,59,45,60
1770622733.022556,34.53342,95.57642,1372.298,58,65,60
1770622733.0225701,34.53342,95.57642,1372.298,59,85,60
1770622733.0225844,34.53342,95.57642,1372.298,6,105,60
1770622733.0225987,34.53342,95.57642,1372.298,5,125,60
1770622733.0226126,34.53342,95.57642,1372.298,6,145,60
1770622733.0226264,34.53342,95.57642,1372.298,17,25,90
1770622733.0226402,34.53342,95.57642,1372.298,53,45,90
1770622733.0226545,34.53342,95.57642,1372.298,16,65,90
1770622733.0226684,34.53342,95.57642,1372.298,19,85,90
1770622733.0226824,34.53342,95.57642,1372.298,9,105,90
1770622733.0226963,34.53342,95.57642,1372.298,6,125,90
1770622733.0227106,34.53342,95.57642,1372.298,9,145,90
1770622733.0227244,34.53342,95.57642,1372.298,18,25,120
1770622733.0227387,34.53342,95.57642,1372.298,50,45,120
1770622733.0227525,34.53342,95.57642,1372.298,53,65,120
1770622733.0227666,34.53342,95.57642,1372.298,13,85,120
1770622733.0227804,34.53342,95.57642,1372.298,8,105,120
1770622733.0227945,34.53342,95.57642,1372.298,8,125,120
1770622733.0228086,34.53342,95.57642,1372.298,7,145,120
1770622737.4952095,34.53342,95.57642,1372.298,5,25,60
1770622737.4952397,34.53342,95.57642,1372.298,64,45,60
1770622737.4952552,34.53342,95.57642,1372.298,18,65,60
1770622737.4952698,34.53342,95.57642,1372.298,7,85,60
1770622737.495284,34.53342,95.57642,1372.298,4,105,60
1770622737.4952974,34.53342,95.57642,1372.298,4,125,60
1770622737.4953115,34.53342,95.57642,1372.298,5,145,60
1770622737.4953249,34.53342,95.57642,1372.298,68,25,90
1770622737.4953384,34.53342,95.57642,1372.298,63,45,90
1770622737.4953525,34.53342,95.57642,1372.298,16,65,90
1770622737.4953663,34.53342,95.57642,1372.298,58,85,90
1770622737.4953802,34.53342,95.57642,1372.298,4,105,90
1770622737.495394,34.53342,95.57642,1372.298,5,125,90
1770622737.4954076,34.53342,95.57642,1372.298,4,145,90
1770622737.4954214,34.53342,95.57642,1372.298,11,25,120
1770622737.4954355,34.53342,95.57642,1372.298,38,45,120
1770622737.495449,34.53342,95.57642,1372.298,57,65,120
1770622737.495463,34.53342,95.57642,1372.298,8,85,120
1770622737.4954765,34.53342,95.57642,1372.298,7,105,120
1770622737.4954903,34.53342,95.57642,1372.298,4,125,120
1770622737.495504,34.53342,95.57642,1372.298,59,145,120
1770622741.9350588,34.53342,95.57642,1372.298,7,25,60
1770622741.9350865,34.53342,95.57642,1372.298,45,45,60
1770622741.9351022,34.53342,95.57642,1372.298,63,65,60
1770622741.9351168,34.53342,95.57642,1372.298,5,85,60
1770622741.9351308,34.53342,95.57642,1372.298,3,105,60
1770622741.935145,34.53342,95.57642,1372.298,3,125,60
1770622741.9351587,34.53342,95.57642,1372.298,5,145,60
1770622741.9351728,34.53342,95.57642,1372.298,58,25,90
1770622741.9351866,34.53342,95.57642,1372.298,60,45,90
1770622741.9352007,34.53342,95.57642,1372.298,17,65,90
1770622741.9352145,34.53342,95.57642,1372.298,69,85,90
1770622741.9352286,34.53342,95.57642,1372.298,4,105,90
1770622741.9352422,34.53342,95.57642,1372.298,3,125,90
1770622741.935256,34.53342,95.57642,1372.298,16,145,90
1770622741.9352694,34.53342,95.57642,1372.298,7,25,120
1770622741.9352834,34.53342,95.57642,1372.298,60,45,120
1770622741.9352975,34.53342,95.57642,1372.298,14,65,120
1770622741.9353113,34.53342,95.57642,1372.298,9,85,120
1770622741.9353251,34.53342,95.57642,1372.298,6,105,120
1770622741.935339,34.53342,95.57642,1372.298,7,125,120
1770622741.935353,34.53342,95.57642,1372.298,7,145,120
1770622746.4338818,34.53342,95.57642,1372.298,16,25,60
1770622746.4339764,34.53342,95.57642,1372.298,59,45,60
1770622746.4339929,34.53342,95.57642,1372.298,16,65,60
1770622746.4340076,34.53342,95.57642,1372.298,200,85,60
1770622746.4340236,34.53342,95.57642,1372.298,4,105,60
1770622746.4340382,34.53342,95.57642,1372.298,4,125,60
1770622746.4340525,34.53342,95.57642,1372.298,66,145,60
1770622746.4340668,34.53342,95.57642,1372.298,6,25,90
1770622746.4340808,34.53342,95.57642,1372.298,58,45,90
1770622746.4340954,34.53342,95.57642,1372.298,17,65,90
1770622746.434116,34.53342,95.57642,1372.298,6,85,90
1770622746.4341354,34.53342,95.57642,1372.298,4,105,90
1770622746.4341502,34.53342,95.57642,1372.298,3,125,90
1770622746.4341645,34.53342,95.57642,1372.298,5,145,90
1770622746.4341784,34.53342,95.57642,1372.298,17,25,120
1770622746.434193,34.53342,95.57642,1372.298,58,45,120
1770622746.4342065,34.53342,95.57642,1372.298,17,65,120
1770622746.434221,34.53342,95.57642,1372.298,16,85,120
1770622746.434235,34.53342,95.57642,1372.298,8,105,120
1770622746.4342492,34.53342,95.57642,1372.298,7,125,120
1770622746.4342632,34.53342,95.57642,1372.298,9,145,120
1770622756.585972,34.53342,95.57642,1372.298,3,25,60
1770622756.5860126,34.53342,95.57642,1372.298,26,45,60
1770622756.5860286,34.53342,95.57642,1372.298,200,65,60
1770622756.5860434,34.53342,95.57642,1372.298,16,85,60
1770622756.5860574,34.53342,95.57642,1372.298,7,105,60
1770622756.5860713,34.53342,95.57642,1372.298,7,125,60
1770622756.5860853,34.53342,95.57642,1372.298,17,145,60
1770622756.5860994,34.53342,95.57642,1372.298,16,25,90
1770622756.5861132,34.53342,95.57642,1372.298,36,45,90
1770622756.5861275,34.53342,95.57642,1372.298,21,65,90
1770622756.5861413,34.53342,95.57642,1372.298,11,85,90
1770622756.5861554,34.53342,95.57642,1372.298,9,105,90
1770622756.586169,34.53342,95.57642,1372.298,12,125,90
1770622756.5861828,34.53342,95.57642,1372.298,17,145,90
1770622756.5861967,34.53342,95.57642,1372.298,12,25,120
1770622756.5862103,34.53342,95.57642,1372.298,47,45,120
1770622756.5862246,34.53342,95.57642,1372.298,46,65,120
1770622756.5862386,34.53342,95.57642,1372.298,16,85,120
1770622756.5862527,34.53342,95.57642,1372.298,9,105,120
1770622756.5862665,34.53342,95.57642,1372.298,9,125,120
1770622756.5862803,34.53342,95.57642,1372.298,11,145,120
